image_name,image_path,ground_truth,generated_recipe
miso-butter-roast-chicken-acorn-squash-panzanella,../data/food_images/miso-butter-roast-chicken-acorn-squash-panzanella.jpg,"Pat chicken dry with paper towels, season all over with 2 tsp. salt, and tie legs together with kitchen twine. Let sit at room temperature 1 hour.
Meanwhile, halve squash and scoop out seeds. Run a vegetable peeler along ridges of squash halves to remove skin. Cut each half into ½""-thick wedges; arrange on a rimmed baking sheet.
Combine sage, rosemary, and 6 Tbsp. melted butter in a large bowl; pour half of mixture over squash on baking sheet. Sprinkle squash with allspice, red pepper flakes, and ½ tsp. salt and season with black pepper; toss to coat.
Add bread, apples, oil, and ¼ tsp. salt to remaining herb butter in bowl; season with black pepper and toss to combine. Set aside.
Place onion and vinegar in a small bowl; season with salt and toss to coat. Let sit, tossing occasionally, until ready to serve.
Place a rack in middle and lower third of oven; preheat to 425°F. Mix miso and 3 Tbsp. room-temperature butter in a small bowl until smooth. Pat chicken dry with paper towels, then rub or brush all over with miso butter. Place chicken in a large cast-iron skillet and roast on middle rack until an instant-read thermometer inserted into the thickest part of breast registers 155°F, 50–60 minutes. (Temperature will climb to 165°F while chicken rests.) Let chicken rest in skillet at least 5 minutes, then transfer to a plate; reserve skillet.
Meanwhile, roast squash on lower rack until mostly tender, about 25 minutes. Remove from oven and scatter reserved bread mixture over, spreading into as even a layer as you can manage. Return to oven and roast until bread is golden brown and crisp and apples are tender, about 15 minutes. Remove from oven, drain pickled onions, and toss to combine. Transfer to a serving dish.
Using your fingers, mash flour and butter in a small bowl to combine.
Set reserved skillet with chicken drippings over medium heat. You should have about ¼ cup, but a little over or under is all good. (If you have significantly more, drain off and set excess aside.) Add wine and cook, stirring often and scraping up any browned bits with a wooden spoon, until bits are loosened and wine is reduced by about half (you should be able to smell the wine), about 2 minutes. Add butter mixture; cook, stirring often, until a smooth paste forms, about 2 minutes. Add broth and any reserved drippings and cook, stirring constantly, until combined and thickened, 6–8 minutes. Remove from heat and stir in miso. Taste and season with salt and black pepper.
Serve chicken with gravy and squash panzanella alongside."," You should cook it to the recommended temperature. If you have a recipe book, I would recommend using it and following the instructions."
crispy-salt-and-pepper-potatoes-dan-kluger,../data/food_images/crispy-salt-and-pepper-potatoes-dan-kluger.jpg,"Preheat oven to 400°F and line a rimmed baking sheet with parchment. In a large bowl, whisk the egg whites until foamy (there shouldn’t be any liquid whites in the bowl). Add the potatoes and toss until they’re well coated with the egg whites, then transfer to a strainer or colander and let the excess whites drain. Season the potatoes with the salt, pepper, and herbs. Scatter the potatoes on the baking sheet (make sure they’re not touching) and roast until the potatoes are very crispy and tender when poked with a knife, 15 to 20 minutes (depending on the size of the potatoes).
Transfer to a bowl and serve."," To cook this dish, you should bake it until the color turns brown before you can remove it from the oven."
thanksgiving-mac-and-cheese-erick-williams,../data/food_images/thanksgiving-mac-and-cheese-erick-williams.jpg,"Place a rack in middle of oven; preheat to 400°. Bring evaporated milk and whole milk to a bare simmer in a large saucepan over medium heat. Whisk in garlic powder, onion powder, paprika, pepper, and 1 tsp. salt. Working in batches, whisk in three fourths of the cheddar, then all of the cream cheese.
Meanwhile, bring a large pot of generously salted water to a boil (it should have a little less salt than seawater). Cook macaroni, stirring occasionally, until very al dente, about 4 minutes. Drain in a colander.
Add macaroni to cheese sauce in pan and mix until well coated. Evenly spread out half of macaroni mixture in a 13x9"" baking dish. Sprinkle half of remaining cheddar evenly over. Layer remaining macaroni mixture on top and sprinkle with remaining cheddar. Bake until all of the cheese is melted, about 10 minutes. Let cool slightly before serving.", Use a casserole dish.
italian-sausage-and-bread-stuffing-240559,../data/food_images/italian-sausage-and-bread-stuffing-240559.jpg,"Preheat oven to 350°F with rack in middle. Generously butter baking dish.
Put bread in 2 shallow baking pans and bake, switching position of pans halfway through baking, until just dried out, about 10 minutes.
Heat 1 tablespoon oil in a 12-inch heavy skillet over medium-high heat until it shimmers, then cook half of sausage, stirring and breaking it into small pieces, until golden brown, about 6 minutes. Transfer with a slotted spoon to a large bowl. Brown remaining sausage in remaining tablespoon oil, transferring to bowl.
Pour off fat from skillet and wipe clean. Heat butter over medium heat until foam subsides, then cook onions, celery, garlic, and ½ teaspoon each of salt and pepper, stirring occasionally, until golden, 12 to 15 minutes. Add vegetables and bread to sausage.
Whisk together eggs, ½ cup cream, turkey stock, cheese, and parsley, then stir into stuffing and cool completely, about 30 minutes. Reserve 5 cups stuffing to stuff turkey and spoon remainder into baking dish, then drizzle with remaining ¼ cup cream. Cover stuffing and chill.
About 1 hour before stuffed turkey is finished roasting, bring dish of stuffing to room temperature. When turkey is done, increase oven temperature to 425°F and bake stuffing, covered tightly with foil, until hot throughout, about 20 minutes. Remove foil and bake until top is golden and crisp, about 15 minutes more.
Cooks' Note: Bread can be toasted 3 days ahead and kept (once cool) in a sealed bag at room temperature. Stuffing can be prepared (but not baked) 4 hours before roasting turkey. If baking stuffing at the same time as potatoes, put stuffing in upper third of oven and potatoes in bottom third (allow extra time)."," You should boil the food in water until it is cool. Then you should let it simmer for about 20 minutes until the last of the water has evaporated. In the bottom of the pan, sprinkle in chopped onions and carrots. Add in your favorite seasoning. When the pan is nearly empty, add in the remaining vegetables, add in salt, and pepper. Add in your favorite spice, if any."
newtons-law-apple-bourbon-cocktail,../data/food_images/newtons-law-apple-bourbon-cocktail.jpg,"Stir together brown sugar and hot water in a cocktail shaker to dissolve. Let cool, then add bourbon, lemon juice, and apple butter and fill with ice. Shake until well chilled, about 15 seconds. Strain into an ice-filled rocks glass. Garnish with orange twist and cinnamon.", You can cook this dish by roasting it.
warm-comfort-tequila-chamomile-toddy,../data/food_images/warm-comfort-tequila-chamomile-toddy.jpg,"Place 2 chamomile tea bags in a heatsafe vessel, such as a large liquid measuring cup. Pour in 1 ½ cups boiling water, and let steep 5 minutes, then remove tea bags.
Add 1 ½ oz. reposado tequila, ¾ oz. fresh lemon juice, and 1 Tbsp. agave nectar and stir until incorporated. Pour into a 16-ounce insulated mug (or two smaller 8-ounce mugs) and drink hot.", I should cook the dish on a stove.
apples-and-oranges-spiked-cider,../data/food_images/apples-and-oranges-spiked-cider.jpg,"Add 3 oz. Grand Marnier, 1 oz. Amaro Averna, and a small pat of salted butter to a 16-ounce travel mug or large heatproof measuring cup. Add 1 cup hot apple cider and stir until butter melts.
Add 1½ tsp. fresh lemon juice and taste for sweetness, adding additional if needed. If serving in travel mug, garnish with ground pink peppercorns and seal. If serving in mugs, divide drink between two warmed mugs and garnish each with a pink peppercorn-dusted lemon wheel.", You can cook this dish in a slow cooker.
turmeric-hot-toddy-claire-sprouse,../data/food_images/turmeric-hot-toddy-claire-sprouse.jpg,"For the turmeric syrup, combine ½ cup hot water and ¼ cup sugar in a liquid measuring cup or mason jar. Add ¾ tsp. ground turmeric and stir—or seal and shake—until sugar is completely dissolved. (This makes enough syrup for 4 drinks. Syrup can be used immediately or refrigerated, covered, up to 10 days. Shake or stir before using to reincorporate turmeric.)
For the toddy, combine 1 ½ oz. Amontillado sherry, 1 oz. bourbon (or other spirit of choice), 1 oz. Turmeric Syrup, and ½ oz. fresh lemon juice in a sturdy pint glass or 16-ounce thermos. Top with 8 oz. hot water and stir gently. Garnish with dehydrated lemon wheel if desired.", I don't know.
instant-pot-lamb-haleem,../data/food_images/instant-pot-lamb-haleem.jpg,"Combine dals, rice, and barley in a medium bowl. Pour in water to cover and swish dals and grains around with your fingers. Drain and repeat process until water runs clear enough to see your hands through. Pour in water to cover and let dals and grains soak at room temperature at least 2 hours, or cover and chill up to 12 hours.
Place lamb on a plate, pat dry with paper towels, and season all over with 2 tsp. salt; set aside. Peel ginger by scraping off skin with a spoon. Finely grate half of ginger; set aside. Thinly slice remaining ginger. Stack slices and cut crosswise into matchsticks; set aside.
If using an electric pressure cooker, combine shallots and ghee in pot and set to sauté function or high. Cook, stirring often and adjusting heat as needed if your cooker has that option, until shallots are just beginning to brown, about 8 minutes (or about 6 minutes if cooking in oil). Reduce to normal function or medium if possible, or, if your cooker doesn’t have a lower setting, turn off for a minute if mixture is getting too hot. Add reserved ginger matchsticks and cook, stirring often, until shallots are brown and crisp and ginger is frizzled, 4–10 minutes, depending on your cooker. Using a slotted spoon, transfer shallots and ginger to a plate, spreading out into a single layer. Season lightly with salt; let cool.
Add garlic, garam masala, cayenne, turmeric, and reserved grated ginger, and cook, stirring constantly, until fragrant, about 30 seconds. Add lamb and stir to coat in spices. Cook, stirring often with a wooden spoon and repeatedly adding splashes of water as spices begin to stick to bottom of pot and scraping up browned bits, until flavors come together, about 15 minutes.(Bhuna, the process of repeated sticking and scraping, is a Southeast Asian cooking technique that brings out the flavor of the spices and ensures they don’t taste raw and grainy.)
Drain dal mixture and add to pot along with 1 tsp. salt and 5 cups water. Secure lid and bring to full pressure according to manufacturer’s directions. Cook 1½ hours. Let sit 20 minutes, then manually release pressure and open up.
Taste haleem and add more salt and cayenne if needed. Add chiles if using. (These are for flavor, not heat; feel free to leave them out.) Simmer on normal function or medium, stirring often, 5 minutes. Stir in ½ cup cilantro.
Serve haleem with white onion, lime wedges, reserved crispy shallots and ginger, and more chopped cilantro.
If using a medium Dutch oven or stovetop pressure cooker, cook shallots and ghee over high heat, stirring often, until shallots are just beginning to brown, about 8 minutes (or about 6 minutes if cooking in oil). Add reserved ginger matchsticks and cook, stirring often, until shallots are brown and crisp and ginger is frizzled, 5–8 minutes. Using a slotted spoon, transfer shallots and ginger to a plate, spreading out in a single layer. Season lightly with salt; let cool.
Reduce heat to medium, add garlic, garam masala, cayenne, turmeric, and reserved grated ginger, and cook, stirring constantly, until fragrant, about 30 seconds. Add lamb and stir to coat in spices. Cook, stirring often with a wooden spoon and repeatedly adding splashes of water as spices begin to stick to bottom of pot and scraping up browned bits, until flavors come together, about 15 minutes. (Bhuna, the process of repeated sticking and scraping, is a Southeast Asian cooking technique that brings out the flavor of the spices and ensures they don’t taste raw and grainy.)
Drain dal mixture and add to pot along with 1 tsp. salt and 6½ cups water (if using a Dutch oven) or 5 cups water (for pressure cooker). Increase heat to high and bring to a boil, then reduce heat to the low, cover pot, and cook, stirring and scraping bottom of pot every 15–20 minutes, until meat is falling off the bone and dals and grains have nearly melted into the stew, 4½–5 hours. (If using a stovetop cooker, increase heat to high and bring to a boil. Secure lid and bring to full pressure according to manufacturer’s directions. Cook 1½ hours. Let sit 20 minutes, then manually release pressure and open up.)
Taste haleem and add more salt and cayenne if needed. Add chiles if using. (These are for flavor, not heat; feel free to leave them out.) Simmer over medium heat, stirring often, 5 minutes. Stir in ½ cup cilantro.
Serve haleem with white onion, lime wedges, reserved crispy shallots and ginger, and more chopped cilantro.
Do ahead: Haleem can be made 1 day ahead. Let cool; cover and chill. Reheat over medium until warmed through."," One way to cook this dish would be to bake it at a high temperature, such as toasted bread or a grill. If you're not sure what to do, you could experiment with using different ingredients and techniques."
spiced-lentil-and-caramelized-onion-baked-eggs,../data/food_images/spiced-lentil-and-caramelized-onion-baked-eggs.jpg,"Place an oven rack in the center of the oven, then preheat to 350°F.
In a medium, oven-safe pan, heat 1 Tbsp. olive oil over medium heat. Add 1 large, thinly sliced onion and ½ tsp. Kosher salt. Cook, stirring often, until golden brown, about 25 minutes.
Add ½ tsp. turmeric, 1 tsp. cumin, ¼ tsp. Aleppo pepper (or ⅛ tsp. crushed red pepper flakes), and 2 Tbsp. tomato paste. Cook and stir constantly until the onions are coated and the tomato paste has darkened slightly, about 2 minutes. Add ⅓ cup water; stir and scrape up all the browned bits on the bottom of the pan for 1 to 2 minutes, or until the liquid looks thickened and saucy. Add one 14-oz. can of lentil soup; cook, stirring to combine, 1 to 2 minutes. Turn off the heat and season with salt, pepper, and more Aleppo pepper or red pepper flakes to taste.
Using a spoon, create 3 wells in the lentil mixture. Carefully crack 1 egg into each well. Transfer the pan to the oven and bake until the whites of the eggs are just set, 11 to 13 minutes.
While the eggs bake, in a small pot or butter warmer, heat 2 Tbsp. unsalted butter, ghee, or olive oil over medium heat. Add ½ tsp. cumin seeds; swirl the pan until the seeds start to sizzle and brown, 30 seconds to 1 minute. Remove from the heat.
Drizzle the finished eggs with the butter mixture, season with salt and pepper, and garnish with parsley before serving.", I would cook this in a deep pot.
hot-pimento-cheese-dip-polina-chesnakova,../data/food_images/hot-pimento-cheese-dip-polina-chesnakova.jpg,"Put the chipotle peppers and adobo sauce in a small food processor or blender and blend until the mixture turns into a smooth purée. Set aside. The chipotle purée can be made in advance, stored in an airtight container, and refrigerated for up to 2 months.
On a cutting board, sprinkle the garlic with a large pinch of salt and gather it into a small mound. Holding the blunt side of the knife with both hands, press and scrape the knife’s sharp end, holding it at a slight angle, across the garlic mound to flatten it. Repeat, dragging it across the garlic, until you have a smooth paste. Set aside.
In a small bowl, mix the cornstarch and 1½ tsp. of the evaporated milk into a slurry. Pour the rest of the evaporated milk into a medium saucepan and stir in the slurry. Bring to a boil over medium-high heat, whisking constantly. Turn the heat to low and add the Cheddar gradually by the handful, stirring until the Cheddar is melted and the mixture is smooth. Add the cream cheese and whisk until it melts. Stir in the mayonnaise, pimento peppers, 1½ tsp. of the chipotle purée, and the garlic paste. Season with salt. Transfer to a serving bowl or keep it warm in a slow cooker and serve immediately.
To reheat the sauce, microwave it, stirring every 30 seconds, until fully melted."," The dish should be cooked and served with a sauce, possibly a dipping sauce, before it is served. It is also a good idea to cook the chili thinly sliced."
spiral-ham-in-the-slow-cooker-guarnaschelli,../data/food_images/spiral-ham-in-the-slow-cooker-guarnaschelli.jpg,"Pour 3 cups of water into a 7-quart slow cooker. Add the ham, cut-side up, as well as the parsnips and carrots. Pour the maple syrup and apple juice over the ham, and sprinkle the brown sugar over the top. Cook on high, uncovered, for 30 to 45 minutes, then cover the slow cooker and cook on low until the ham is tender, 3 to 4 hours. Hams vary in size and tenderness, so be patient. When it’s tender, the meat should come off the bone with very little resistance. Taste a small piece for tenderness.
Transfer the ham and vegetables to a deep serving platter (reserve the liquid in the pot). Use a pair of kitchen shears or scissors to cut the slices of ham off the bone and let them fall onto the platter. Stir both kinds of mustard and the vinegar into the cooking liquid left in the slow cooker and taste for seasoning—the sauce may or may not need salt. Pour the liquid over the ham and vegetables, and serve.", Use a metal steamer basket or a slow cooker with a lid to cook the dish. You can use a wooden spoon to stir the cooking liquid.
butternut-squash-apple-soup-365210,../data/food_images/butternut-squash-apple-soup-365210.jpg,"Cook bacon in a 6-quart heavy pot over medium heat, stirring occasionally, until crisp, then transfer with a slotted spoon to paper towels to drain, reserving 2 tablespoons fat in pot. (Add vegetable oil if your bacon is very lean and doesn't yield enough fat.)
Cook celery, carrot, and onion in fat in pot over low heat, covered, stirring occasionally, until softened but not browned, 10 to 12 minutes. Add cinnamon and cook, uncovered, stirring, 1 minute.
While vegetables are cooking, peel potatoes and coarsely chop. Peel and core 1 apple and coarsely chop.
Stir squash, potato, chopped apple, stock, 2 cups water, 1 teaspoon salt and 1/2 teaspoon pepper into onion mixture, then simmer, uncovered, stirring occasionally, until vegetables are very tender, 15 to 20 minutes.
Puree soup in 4 batches in a blender (use caution when blending hot liquids), then heat in cleaned pot over medium low heat, stirring occasionally. (Add additional 1/2 cup water to thin, if necessary.)
While soup is heating, cut enough of remaining apple into thin matchsticks (about 1 1/2-inches long) to measure about 1/2 cup.
Serve soup topped with sour cream, bacon, and apple matchsticks.
Cooks' Notes: Soup can be made 2 days ahead and chilled, covered once cooled. Cooked bacon can be kept refrigerated in an airtight container—reheat in a 375°F oven in a small baking pan."," To cook this dish, it should be cooked until it's crisp on the outside and tender on the inside. After cooking, the dish should be served."
caesar-salad-roast-chicken,../data/food_images/caesar-salad-roast-chicken.jpg,"Place a rack in lower third of oven; preheat to 450°F. Whisk anchovies, garlic, 3 Tbsp. mayonnaise, 1 Tbsp. mustard, 1 Tbsp. oil, and 1½ tsp. pepper in a small bowl. Set aside 1 Tbsp. anchovy mayo in another small bowl.
Pat chicken dry; season outside and inside all over with salt. Arrange breast side up in a cast-iron skillet and tuck wings underneath. Arrange shallots around (if using legs, nestle under and around); season with salt and pepper. Brush remaining anchovy mayo all over chicken, making sure to get it into the nooks and crannies, then brush shallots with any leftover anchovy mayo.
Place chicken in oven so legs are facing toward the back (this is the hottest part of the oven and will help the legs cook before the breast dries out) and roast until some anchovy mayo and fat begin to drip onto shallots, about 15 minutes. Remove from oven and, using tongs, turn shallots to coat in drippings. Return skillet to oven and continue to roast chicken, stirring shallots once or twice, until golden brown and an instant-read thermometer inserted into the thickest part of breast registers 155°F, 45–55 minutes. If skin starts to get too dark on the top before chicken is done, tent area with foil, leaving the rest of the bird exposed. If using chicken legs, start checking at 40 minutes (a thermometer inserted right at the joint should register 160°F). Transfer chicken and shallots to a cutting board, leaving behind any juices and fat in skillet. If shallots need more time to soften and darken, roast a bit longer without chicken before proceeding. Reserve skillet.
Reduce oven temperature to 400°F. Finely grate half of zest of 1 lemon into a large bowl; cut lemon in half and squeeze in juice. Add reserved 1 Tbsp. anchovy mayo, remaining 3 Tbsp. mayo, and remaining 1 Tbsp. oil and whisk to combine, then stir in Parmesan. Season with salt and pepper. Set dressing aside.
Add bread to reserved skillet with fat and turn to coat. Return skillet to oven and toast bread, tossing halfway through, until golden brown and crisp, 12–15 minutes. Transfer croutons to bowl with reserved dressing. Add romaine and gently toss until lettuce is well coated. Season salad with salt and pepper.
Slice remaining lemon into wedges. Carve chicken and nestle back into skillet or transfer to a platter; arrange shallots and lemon wedges around. Serve with salad and more mustard alongside.", Place chicken in a bowl and add toppings.
chicken-and-rice-with-leeks-and-salsa-verde,../data/food_images/chicken-and-rice-with-leeks-and-salsa-verde.jpg,"Season chicken with salt and pepper. Melt 2 Tbsp. butter in a large high-sided skillet over medium-high heat. Add leeks and half of lemon zest, season with salt and pepper, and mix to coat leeks in butter. Reduce heat to medium-low, cover, and cook, stirring occasionally, until leeks are somewhat tender, about 5 minutes. Remove lid, increase heat to medium-high, and cook, stirring occasionally, until tender and just starting to take on color, about 3 minutes. Add rice and cook, stirring often, 3 minutes, then add broth, scraping up any browned bits. Tuck short sides of each chicken thigh underneath so they are touching and nestle seam side down into rice mixture. Bring to a simmer. Cover, reduce heat to medium-low, and cook until rice is tender and chicken is cooked through, about 20 minutes. Remove from heat. Cut remaining 1 Tbsp. butter into small pieces and scatter over mixture. Re-cover and let sit 10 minutes.
Meanwhile, pulse anchovy, garlic, capers, a few pinches of red pepper flakes, and remaining lemon zest in a food processor until finely chopped. Add herbs; process until a paste forms. With motor running, gradually stream in oil until loosened to a thick sauce. Add half of lemon juice; season salsa verde with salt.
Drizzle remaining lemon juice over chicken and rice. Serve with salsa verde."," To cook this dish, follow these steps:

### Step 1: Cut the Meat
Cut the meat into pieces, such as chicken legs or chicken breasts.

### Step 2: Add the Meat and Vegetables
Add the meat and vegetables to the plate and arrange them in a way that covers the entire surface area of the dish.

### Step 3: Pour the Sauce
Add the sauce to the plate and pour it evenly.

### Step 4: Serve
Stand the dish on the table and have it served.

### Step 5: Place the Plate on a Table
Place the plate on a table and have it placed on a surface that is not stained or stained.

**Answer based on the image description:**
- The dish is seasoned with chicken, herbs, and some cheese.
- It is served with a tomato sauce.
- The dish is cut into small pieces and arranged on a plate.
- The sauce is poured evenly.
- The plate is placed on a table.

### Analysis:
This dish is likely made with chicken, which is a common meat used in various cuisines around the world. The sauce adds a creamy and flavorful aspect to the dish, enhancing"
gorditas-con-camarones,../data/food_images/gorditas-con-camarones.jpg,"Stir masa, 1 Tbsp. lard, 1 tsp. Diamond Crystal or ½ tsp. Morton salt, and 1 cup water in a medium bowl until a soft and slightly sticky dough forms. If dry, mix in another 1 Tbsp. water. Cover and let sit at least 30 minutes and up to 3 hours.
Meanwhile, bring guajillo chiles, morita chiles, coriander, and 1½ cups water to a boil in a small saucepan. Cover, remove from heat, and let sit, stirring occasionally, 30 minutes to allow chiles to soften. Transfer to a blender and purée until smooth; set aside.
Place rack in lowest position in oven; preheat to 500°F. Brush a rimmed baking sheet with 2 Tbsp. lard. Divide dough into 4 pieces and form into balls. Set on work surface and cover with a damp kitchen towel. Place 1 ball between 2 sheets of parchment or wax paper. Using a small skillet or saucepan, gently press ball into a 5""-diameter disk. Carefully peel away parchment; place on prepared baking sheet. Repeat with remaining balls.
Bake gorditas until outer edges are lightly golden, 10–12 minutes. Turn over and bake until golden brown and crisp, 10–12 minutes. Transfer to plates and let cool 10 minutes. Insert a paring knife into side of gordita and, using a slow sawing motion, cut open along one side (keep other side intact).
Heat remaining 2 Tbsp. lard in a large skillet over high. Cook shrimp until lightly browned and just cooked through, about 1 minute per side. Transfer to a medium bowl. Reduce heat to medium and cook garlic in same skillet, tossing often, until beginning to brown, about 1 minute. Add thyme sprigs, vinegar, agave, 1½ tsp. Diamond Crystal or 1 tsp. Morton kosher salt, and reserved chile purée. Cook, stirring occasionally, until brick red and the consistency of a thick sauce, 6–8 minutes. Add shrimp and any juices and cook 1 minute. Remove from heat; add butter and stir constantly until melted and sauce is glossy. Season with more salt if needed. Remove and discard thyme.
Fill gorditas with shrimp mixture, onion, avocado, and cilantro. Serve with lime wedges for squeezing over."," In a pan. No oven, of course. The food should be cooked in a pan."
enfrijoladas,../data/food_images/enfrijoladas.jpg,"Using 2 Tbsp. oil, brush both sides of each tortilla. Heat a large skillet over medium-high. Working in batches, cook until lightly browned and starting to crisp, about 1 minute per side. Set aside.
Heat remaining 3 Tbsp. oil in same skillet over medium-high. Cook chorizo, breaking up with a wooden spoon, until browned and cooked through, 7–9 minutes. Using a slotted spoon, transfer to a medium bowl; set aside.
Add garlic and ½ onion to same skillet, season with salt, and cook, tossing occasionally, until tender and beginning to brown, 6–8 minutes. Using slotted spoon, transfer garlic mixture to a blender; reserve pan with oil. Add beans and broth to blender and purée until smooth (it should be the consistency of yogurt); season with salt.
Set reserved pan over medium-high and heat oil. Transfer bean purée to skillet and bring to a boil. Reduce heat to low. Working one at a time and using tongs, dip tortillas in bean purée, turning to coat and leaving until softened, about 3 seconds per side (they will soften more as they sit). Transfer to a baking sheet as you go. Spoon 1 Tbsp. chorizo and 1 Tbsp. queso fresco across the center of each tortilla; fold over like a taco.
Divide among plates and spoon remaining bean purée over. Top with cilantro, avocado, more onion, remaining chorizo, and remaining queso."," Mash the potatoes, then add flour and salt in a bowl, add some milk and water and mix until smooth. Let it stand for a few minutes until it becomes creamy. Then add your favorite favorite salsa ingredients. Once the salsa has thickened, sprinkle with sour cream and any desired toppings. Finally, add your favorite toppings, such as fresh green cilantro leaves."
caramelized-plantain-parfait,../data/food_images/caramelized-plantain-parfait.jpg,"Heat oil in a large nonstick skillet over medium-high. Cook plantains, turning once, until deep golden brown, about 3 minutes per side. Transfer to paper towels to drain; season with salt.
Divide yogurt among bowls; top with plantains and mangoes, then nuts, seeds, and/or coconut as desired.", Cook it in a slow cooker.
chicken-and-potato-gratin-brown-butter-cream,../data/food_images/chicken-and-potato-gratin-brown-butter-cream.jpg,"Season chicken all over with 4 tsp. salt. Place in an airtight container and cover. Chill at least 1 hour and up to 1 day.
Place a rack in middle of oven; preheat to 425°F. Toss potatoes, shallots, and 2 tsp. salt in a large bowl.
Melt 4 Tbsp. butter in a small saucepan over medium heat and cook, stirring often, until butter foams, then browns, 5–8 minutes. Immediately remove from heat (it will continue to darken) and stir in cream, garlic, pepper, nutmeg, and remaining 1½ tsp. salt. Set saucepan over medium-low heat and cook, stirring, until salt is dissolved and mixture is warm to the touch. Stir in thyme and sage; remove from heat.
Heat remaining 1 Tbsp. butter in a large stainless-steel skillet over medium-high until melted and bubbling. Working in 2 batches, cook chicken, skin side down, until golden underneath, about 5 minutes. Transfer chicken to a 13x9"" or 3-qt. baking dish and arrange skin side up. Set skillet with pan drippings aside. Nestle potatoes and shallots around chicken (don’t place on top). Pour brown butter cream over chicken and vegetables, making sure herbs and spices are evenly dispersed and tucking herbs into vegetables so they don’t get too crispy when they bake.
Bake gratin until cream is mostly reduced and chicken and vegetables are dark golden brown, about 40 minutes. Let gratin cool 5–10 minutes.
Meanwhile, pulse bread in a food processor until pieces are about oat-size (you should have about 1¼ cups). Toss breadcrumbs in pan drippings in reserved skillet to coat. Cook over medium heat, scraping up browned bits with a spatula, until deep golden brown, 5–7 minutes. Let cool.
To serve, top gratin with breadcrumbs. Serve lemon wedges alongside for squeezing over if desired.", It is baked to achieve a crispy texture.
roasted-beets-with-crispy-sunchokes-and-pickled-orange-ginger-puree,../data/food_images/roasted-beets-with-crispy-sunchokes-and-pickled-orange-ginger-puree.jpg,"Place the zest strips in a small saucepan and cover with water. Bring the water to a boil, then drain. Repeat this process two more times (blanching the orange zest removes any bitter flavors). Place the ginger and orange zest in a jar or heatproof container. In a saucepan, bring the lime juice, vinegar, sugar, and ¾ teaspoon salt to a boil. Pour over the ginger and orange. Let cool to room temperature, then cover and refrigerate overnight. The pickled ginger can be refrigerated for a couple of months.
Drain the pickled ginger and orange and save 3 tablespoons of the pickling liquid. Add both to a blender or mini food processor, along with the olive oil, chile, and remaining 2 tablespoons salt. Blend until very smooth, scraping down the side of the blender as needed. Transfer to a container and refrigerate until ready to use. The puree can be made a couple of days ahead. (Makes about 1 cup.)
Preheat the oven to 375°F. Place the beets in a baking dish (if using a mix of red and golden beets, separate them into two smaller dishes and divide the oil, vinegar, and water between the two dishes). Drizzle with the oil and add the water and vinegar. Season with salt and pepper. Cover the pan with foil and roast until the beets are tender when pierced with a knife; this can take anywhere from 30 minutes to an hour, depending on the thickness of the beets. Let the beets cool, then peel and cut into 1-inch wedges. Place each color of beet, along with any accumulated juices, into a small mixing bowl.
In a skillet, heat the oil over medium-low heat. Add the cashews and cook, stirring constantly, until golden brown. Transfer to a heat-proof bowl.
Pour 1 inch of oil into a small saucepan and add the sunchokes (there should be just enough oil to cover the sunchokes; add more oil if needed). Turn the heat to medium and stir occasionally; when the sunchokes begin to sizzle and foam, increase the temperature to high and continue frying, stirring constantly, until the sunchokes are light golden brown. At this point the sunchokes will rapidly go from golden brown to burnt, so quickly transfer the chips to paper towels to drain. Lightly season with salt. The sunchoke chips can be stored in an airtight container at room temperature for a day or two, or until they start to soften. (Makes about ½ cup.)
Using a sharp knife, cut the peel and pith off the orange. Working over a bowl, cut the orange between the membranes to release the segments. Dice the segments, then return them to the bowl.
Drizzle the beet wedges with a little bit of olive oil, season with salt, and toss.
Spread the ginger puree on the bottom of a shallow serving bowl or plate. Arrange the beets over the puree. Sprinkle the chopped orange segments over the beets and grind some pepper over the dish. Top with the cashews, herbs, and sunchoke chips. Serve."," To cook this dish, I would need a pot, some cooking oil, and a fork. In a blender, combine the food to ensure the ingredients are well mixed. Once combined, add the oil and the fork and the cooking oil will heat up the food. Add the sauce and stir until it becomes smooth. Let it simmer for 10 to 15 minutes until the sauce has thickened. Once cooked, remove from the sauce and place on a plate. Serve immediately."
kale-and-pumpkin-falafels-with-pickled-carrot-slaw,../data/food_images/kale-and-pumpkin-falafels-with-pickled-carrot-slaw.jpg,"Preheat oven to 220°C (425°F).
Place the pepitas into the bowl of a food processor and process until finely chopped. Add the kale, garlic, chickpeas, turmeric, coriander, salt and pepper and process until well combined. Add the pumpkin and stir through to combine. Shape large tablespoonfuls of pumpkin mixture into balls. Place on a baking tray lined with non-stick baking paper and flatten slightly. Brush well with oil, then bake for 25 minutes or until golden and crisp.
To make the pickled carrot slaw, place the carrots, vinegar, honey, chile and coriander in a bowl and toss to combine. Set aside for 5 minutes to pickle.
To serve, divide the pickled carrot slaw between bowls and top with pumpkin falafels and serve with yoghurt and tahini.", One way to cook this dish is to sear the meat in a skillet with garlic and herbs. You can also use a deep fryer to cut the meat.
maple-chile-roasted-pumpkin-with-quinoa-tabouli,../data/food_images/maple-chile-roasted-pumpkin-with-quinoa-tabouli.jpg,"Preheat oven to 220°C (425°F).
Scoop the seeds from the squash and discard. Place squash, cut side up, onto a baking tray. Using the tip of a sharp knife, make some shallow slashes into the squash flesh. Combine the oil, maple, chile, salt and pepper and brush over the squash. Cover with aluminium foil and roast for 20 minutes. Remove the foil and roast for a further 40 minutes or until the squash is golden and soft.
To make the quinoa tabouli, in a large bowl combine the quinoa, mint, and arugula.
To make the lemon tahini dressing, in a small bowl, place the tahini, lemon juice, water, garlic and salt. Mix to combine.
To serve, place the squash onto a serving platter and top with the tabouli. Drizzle with the lemon tahini dressing and sprinkle over almonds.", The dish is cooked.
chhena-poda-paneer-cheesecake,../data/food_images/chhena-poda-paneer-cheesecake.jpg,"Preheat the oven to 350°F. Butter a 9-inch nonstick metal cake pan with some ghee.
In a large bowl, stir together the paneer, confectioners’ sugar, and cardamom until incorporated but still slightly chunky. Add the semolina, ghee, and milk and whisk until smooth. Stir in the cashews and raisins and set aside.
Sprinkle the granulated sugar over the bottom of the prepared cake pan. Set the pan on the stove over medium heat and once the sugar just begins to bubble and turn pale golden brown (the sugar will continue to caramelize in the oven, so don’t let it get any darker right now), after 8 to 10 minutes, remove the pan from the heat using tongs. (This step is a bit tricky and you might be tempted to move the sugar around with a spoon while it is bubbling, but don’t touch it—just let it caramelize on its own.) You will know it’s ready for the cake batter when it’s bubbling but is still slightly grainy and just turning a pale golden color. Pour the batter into the pan, using a rubber spatula to scrape the bowl clean. It should settle into an even layer on its own, but if it doesn’t, use the spatula to create a smooth surface.
Wearing oven mitts, carefully transfer the pan to the oven and bake until a toothpick inserted into the center of the cake comes out clean, 40 to 45 minutes. Transfer to a wire rack and cool in the pan to room temperature. Run a paring knife around the cake’s edges and then place a serving platter larger than the diameter of the cake over the cake and gently flip the cake over—it should slide out, with caramel coming out with it like you would see in a flan (though some caramel will be left in the pan—this is fine).
Slice and serve with freshly whipped cream or sliced almonds, if desired. The cake will keep in a covered container in the refrigerator for up to 3 days.
Note: To clean the pan, add some boiling water to the pan and let it sit for at least 30 minutes to loosen up the browned sugar sticking to the surface of the pan before cleaning it."," It is likely that the dish is made with a sourdough crumble, and it is likely that it is served with a side of honey. The presence of a honey-based topping suggests that it could be made with a sourdough crumble, and it is likely served with either honey-based toppings or a side of honey. The sourdough crumble is likely a popular choice for a variety of dishes, and it is often served with a side of honey."
homemade-paneer-recipe,../data/food_images/homemade-paneer-recipe.jpg,"In a medium saucepan, heat the milk to 195°F over medium heat. Using a wooden spoon, stir frequently during the heating process to prevent the milk from scalding. Be sure to scrape the bottom of the pan when you stir because this is where the milk is most prone to sticking. The milk will become foamy and bubbles will form on its surface once it reaches the desired temperature.
Remove from the heat and stir in the lemon juice until evenly distributed, which will cause the separation of curds from the whey. The process should begin right away, but don’t fret if it takes a minute or two. Cover the pan and set aside at room temperature for 10 minutes to let the acid work its magic. Check the mixture at this point: It should be slightly yellow and the curds should have completely separated from the whey. Don’t panic if this hasn’t happened completely yet. Simply add another teaspoon of acid and set aside for a few minutes more. This should do the trick.
Line a fine-mesh sieve with cheesecloth and set the sieve over a bowl. Ladle the curds and whey into the sieve. Reserve the whey for another use. Season the curds (still in the sieve) with salt, stirring it in using a wooden spoon, then gather up the edges of the cheesecloth into a tight bundle and squeeze the excess whey from the curds. Place the cheesecloth and curds on a large plate and shape them into a square. Wrap the cheesecloth edges around the paneer and place a second plate on top of it to compress it. Set aside at room temperature for 30 minutes. At this point the paneer is ready to use or it can be refrigerated in a covered container for up to 3 days.", Chili with cilantro.
sloppy-joe-shirred-eggs-with-spinach-vivian-howard,../data/food_images/sloppy-joe-shirred-eggs-with-spinach-vivian-howard.jpg,"Preheat your oven to 400°F. Combine the carrot, tomatoes plus their juice, and 1 cup water in a blender. Blitz till it’s as smooth as your blender allows.
In an ovenproof 12-inch sauté pan or skillet set over medium heat, cook 1 tablespoon of the olive oil and the minced garlic. Watch for the garlic to start sizzling, then stir in the spinach and ½ teaspoon of the salt. Continue stirring for a minute, until all the spinach is wilted. Remove it from the pan and set aside.
Add the final tablespoon olive oil to the pan, raise the heat to medium, and add the turkey plus 1 teaspoon salt. Using a wooden spoon or spatula, break the turkey up into small morsels as it browns. When you have browned turkey, add the cumin, paprika, and black pepper. Stir to incorporate, toasting the spices for about 30 seconds.
Add the carrot-tomato mixture, the R-Rated Onions, vinegar, and ½ teaspoon salt. Let this cook for about 15 minutes, uncovered, stirring occasionally. You may need to lower the heat to prevent Joe from sticking or splattering. When the ragout is done it will be thick and juicy. If it seems too dry, stir in a little water. Taste the ragout for seasoning and adjust as you like.
Turn the heat off and make four indentions in the ragout. Divide the spinach and put equal amounts in each indentation. Top each section of spinach with a cracked egg. Sprinkle the eggs with the remaining 1 teaspoon salt.
Slide the skillet onto the middle rack of your preheated oven. Bake for 10 to 12 minutes, until the whites are set and the yolks are slightly runny.
To serve, scatter ribbons of Parmigiano Reggiano or another hard cheese over the top. If bread is your thing, this is great with toast."," Heat a black oven mitt on the stove, and cook the eggs until hard-boiled."
r-rated-caramelized-onions-vivian-howard,../data/food_images/r-rated-caramelized-onions-vivian-howard.jpg,"Peel your onions and cut them in half through their stem ends—longways, if you will. Slice them thinly with the grain, following the line from root to stem rather than cutting the onion across its belly. This is actually important because slicing it the other way makes the path to silky onions a longer one.
Once your onions are sliced, heat your skillet over medium-high heat and add the oil, then the onions and the salt. Let the onions sizzle for a couple minutes. Stir with a wooden spoon or a heatproof spatula and watch as they wilt for about 3 more minutes. At this point, reduce the heat to medium low. Put a lid on and step away for a few minutes. Give the onions a stir every now and then. You don’t have to stand over it like risotto, but don’t go for a walk around the block either. Caramelized bits will accumulate at the bottom and sides of the pan, and that’s good. Just scrape them up and stir them in. A little color building as you go is okay, but don’t rush to brown them. The point is to cook the onions gently, coaxing them through stages of raw, wilted, sweaty, soft, light brown, and finally deeply caramelized
About 45 minutes in, remove the lid for the last time. They should be a light caramel color. Now, with the lid off, you will need to watch more closely and stir more frequently. At some point you may find that despite your best efforts some of the caramelized bits, verging on burnt, cling to the pan and threaten over all onion ruin. Do not fret! Just add a ½ cup or so of water and use its energy to help scrape up the stubborn but tasty film. Let the water cook out of course. When you’re smiling over a soft, creamy, fragrant pile of mahogany onions, you’re done.
Note: R-Rated Onions will keep in the fridge for a week and in the freezer for 3 months.", Serve it to friends.
miso-squash-ramen-hetty-mckinnon,../data/food_images/miso-squash-ramen-hetty-mckinnon.jpg,"Preheat oven to 400°F. Whisk oil, miso, maple syrup, and soy sauce in a small bowl until a thick paste forms. Place squash on a rimmed baking sheet and scrape dressing over; toss to coat. Arrange squash in a single layer and roast until fork-tender (it will be a little caramelized in spots), 25–30 minutes.
Heat oil in a medium pot over medium-high. Add ginger and garlic and cook, stirring, 1 minute. Add broth and bring to a boil. Remove from heat.
Set 8 roasted squash wedges (or about 2 cups if using butternut) aside for serving. Add miso and remaining squash to pot and blend with an immersion blender until mostly smooth; season with salt and pepper. (Alternatively, you can let broth cool slightly, then purée with sqush and miso in a regular blender.)
Meanwhile, bring a large pot of salted water to the boil and cook broccolini until crisp-tender, about 3 minutes. Using tongs, transfer to a plate.
Add noodles to same pot and cook according to packet directions. Drain and divide noodles among bowls.
Ladle broth over noodles and arrange broccolini and reserved squash (cut in half if they are very big) on top. Scatter cilantro over."," The dish can be cooked with or without additional ingredients. From the description, it is difficult to determine the exact method of cooking. However, one thing that is mentioned is that the rice noodles are stir-fried. To prepare the dish, one would typically need to prepare the rice, chop vegetables and possibly stir fry some spices. The dish would then be served with a side of sauce and possibly some meat or tofu."
spicy-coconut-pumpkin-soup,../data/food_images/spicy-coconut-pumpkin-soup.jpg,"Heat the coconut oil in a large saucepan over medium heat. Add the pumpkin, stir well, and cook, covered, for 15 minutes.
Add the onion, garlic, and ají dulce and stir well. Sauté until the onion becomes translucent, 3 to 5 minutes, then add the brown sugar and cumin. Mix well. Cook until the sugar melts, 2 to 3 minutes.
Stir in the coconut milk and broth. Bring to a simmer and cook, uncovered, until the pumpkin is very soft, about 15 minutes.
Using an immersion blender, blend the soup into a smooth purée. Alternatively, remove the solids with a slotted spoon and place in a blender or food processor. Purée until smooth and return to the pan.
Bring back to a simmer and cook gently for 5 minutes so the flavors combine. Season with salt and black pepper to taste. Serve hot, garnished with the cilantro.", Boil it for 20 minutes.
baigan-chokha-trinidadian-broiled-grilled-mashed-eggplant,../data/food_images/baigan-chokha-trinidadian-broiled-grilled-mashed-eggplant.jpg,"Prepare a hot grill or preheat the broiler.
With a fork, pierce the eggplants all over, and place on the grill or under the broiler. Grill or broil until completely charred and soft, about 20 minutes, turning frequently (the eggplants will brown and blister quickly). Remove and allow to cool.
Once cool, cut open the eggplants and scrape out the flesh. The flesh should be soft to the touch and pulpy, and should easily come away from the skin. Set aside.
Heat the canola oil in a frying pan. Add the onion and sauté until translucent. Add the garlic and fry until the garlic turns a dark golden brown, then add the tomato and fry for 1 to 2 minutes.
Stir in the mashed eggplant and cook for about 2 minutes. Season with salt and black pepper to taste. Garnish with the cilantro and serve with roti."," The dish is made from rice flour, flour, sugar, and chili. It's a simple dish with no additional ingredients and can be cooked in a regular oven or in a cast-iron pan."
dads-trinidadian-curried-chicken,../data/food_images/dads-trinidadian-curried-chicken.jpg,"Place the chicken pieces in a bowl and toss with the lime juice. Drain, rinse the chicken with cold water, and drain again. Remove the chicken from the bowl and pat dry with paper towels.
Place the chicken in another bowl with the Green Seasoning, salt, chili pepper, and garlic. Toss well to coat and refrigerate for at least 30 minutes but ideally overnight.
Combine the curry powder with just enough water to form a thick paste. Heat the oil in a heavy-bottomed pot. Add the curry paste and onion. Cook, stirring constantly, for 1 to 2 minutes over medium-low heat—do not allow the curry to scorch. Add the chicken pieces and stir well to coat. Add the stock or water, cover, and simmer for 30 to 40 minutes, or until the chicken is tender.
Remove the lid and simmer for 5 minutes more over medium-high heat, until the sauce reduces by one-third. Serve with roti or white rice.", One would want to use a pressure cooker as a way to slow-cook the ingredients. This would reduce the time the food takes to become tender and easier to eat.
trinidad-curry-powder,../data/food_images/trinidad-curry-powder.jpg,"Break open the cardamom pods, remove the seeds, and discard the pods.
Place the cardamom seeds, coriander, seeds, cumin seeds, mustard seeds, fenugreek seeds, and curry leaves in a heavy frying pan and toast, swirling for about 5 minutes, until the spices begin to release their aromas.
Place the toasted spices in a food processor or spice grinder and add the peppercorns and cloves. Grind the mixture to a find powder. Stir in the turmeric.
Store in an airtight container. If stored properly, curry powder will keep for at least two months."," To cook this dish, you can use a pan or a griddle to cook it. Make sure to cook the dish just enough that it is coated on the bottom half before flipping it over."
shrimp-creole-14653,../data/food_images/shrimp-creole-14653.jpg,"In a large heavy kettle cook garlic, onions, celery, and bell peppers in oil over moderately low heat, stirring occasionally, until softened. Add all remaining ingredients except shrimp and simmer, uncovered, 30 minutes, or until thickened. Stir in shrimp and cook, covered, over moderately high heat, stirring occasionally, until shrimp are cooked through, about 5 minutes.
Serve shrimp and sauce over coked rice."," For this dish, the shrimp are stir fried in oil."
trinidadian-green-seasoning,../data/food_images/trinidadian-green-seasoning.jpg,"Process all the ingredients in a food processor until the mixture forms a thick paste. (Alternatively, process in a blender with 2 Tbsp. vinegar.)
Use immediately, or store in a tightly sealed glass jar in the refrigerator for up to 1 week."," If this is a vegetarian dish, it would be best to cook the veggies in a sauce rather than meat. If you are using meat as a base, you can cook the veggies to a nice crisp. If you are going to cook the veggies in a sauce, you can cook the veggies until they are tender when you serve them."
pelau-234498,../data/food_images/pelau-234498.jpg,"If using dried peas, soak them overnight in 3 cups of water. Drain. Bring 3 fresh cups of water to a boil in a saucepan and add the peas. Simmer for 15 minutes, or until cooked almost completely through. Drain and set aside. If using canned beans, drain, rinse with cold water, drain again, and set aside. Wash the rice by placing it in a colander or fine-mesh sieve and running cold water over it until the water runs clear, about 1 minute. Drain well and set aside.
Heat the oil over medium heat in a Dutch oven or other heavy, deep pot. Add the sugar and swirl in the pot, stirring constantly; allow it to caramelize to a dark brown color. Add the chicken and stir well to coat. Add the onion and garlic and cook for 1 to 2 minutes, stirring constantly.
Stir in 2 cups of water, the coconut milk, bay leaf, Green Seasoning, parsley, thyme, carrots, and scallions. Season with salt. Reduce the heat to medium-low, cover, and simmer for 10 minutes.
Stir the rice, squash, peas, hot pepper, ketchup, and butter into the chicken. Cover and cook for 20 minutes, or until the peas and vegetables are tender. Remove lid and fluff the rice. The rice should be moist but not sticky. Remove bay leaf, thyme sprig, and hot pepper.
Note: Pigeon peas are traditional in this dish, but pinto beans or black-eyes peas also work well because, like pigeon peas, they hold their shape well after cooking. Brown sugar is preferable for deeper flavor and color. Chicken is the most common meat in pelau, but cuts of stew beef or lamb work just as well. If using meat, up the cooking time before adding the rice to 40 minutes to allow the meat to get tender. In Tobago, pelau is often made with crab. West Indian pumpkin (also called calabaza) is ideal for this recipe, although the pie or ""cheese"" pumpkin common in the U.S., if in season, makes a very good substitute. Butternut squash will also work, although it will be slightly less sweet."," To cook this dish, put it in a wok with a wooden spoon on it."
our-favorite-creamy-mashed-potatoes,../data/food_images/our-favorite-creamy-mashed-potatoes.jpg,"Cover potatoes, garlic, and 1 Tbsp. salt with cold water in a large pot. Bring to a low boil, then reduce heat and simmer (do not boil) until potatoes are very tender when pierced with the tip of a paring knife but not falling apart, 20–25 minutes.
Meanwhile, heat milk, thyme, and 3/4 cup butter in a small pot over medium, stirring, until butter is melted. Remove from heat; set aside.
Drain potatoes and garlic; return to pot. Toss over low heat until moisture evaporates, 1–2 minutes. Using potato ricer or food mill, immediately press potatoes and garlic into a large bowl (do not let cool).
Discard thyme from milk mixture and gradually stir into potatoes, reserving about 1/2 cup if you plan to make in advance (see Do Ahead). Season with 2 tsp. salt and 3/4 tsp. pepper. Fold in sour cream and stir with a spoon until incorporated and very smooth (do not overmix or potatoes will become gummy). Taste and adjust seasonings. Serve topped with remaining 2 Tbsp. butter and more pepper.
Mashed potatoes can be made 2 hours ahead; cover and store at room temperature. Or chill, covered, up to 8 hours; reheat over medium with reserved 1/2 cup milk mixture.", You can cook this dish in a Dutch oven or a slow cooker.
remember-the-alimony-cocktail,../data/food_images/remember-the-alimony-cocktail.jpg,Combine all the ingredients in a chilled rocks glass. Add one large ice cube and stir for 10 seconds. Garnish with an orange twist., The dish should be cooked to a medium temperature and stirred before serving.
creole-cream-cheesecake-with-caramel-apple-topping,../data/food_images/creole-cream-cheesecake-with-caramel-apple-topping.jpg,"Make the crust. Preheat the oven to 375°F. In a medium bowl, stir together the graham cracker crumbs, granulated sugar, brown sugar, salt, and butter to combine. Pat the mixture into a 10-inch springform pan, pressing the crumbs firmly in an even layer on the bottom and making sure they come at least halfway up the side of the pan. Bake for 7 to 10 minutes, until the crust is fragrant, dry, and toasty. Let cool, then wrap the entire outside of the pan tightly in two layers of foil, all the way to the top.
In the bowl of a stand mixer fitted with the paddle attachment or in a large bowl using a handheld mixer, cream the plain cream cheese and sugar on medium-high speed for about 4 minutes, until incredibly smooth and light. Stop the mixer and scrape down the bottom and sides of the bowl with a rubber spatula. Add the Creole Cream Cheese and vanilla paste and beat on medium-high speed for about 2 minutes, scraping down the bowl once more. Decrease the speed to medium and beat in the eggs, one at a time, incorporating each one before adding the next. Mix just until the batter is smooth and uniform. Continuing to mix past that point, even though the batter won’t look different, only incorporates extra air, which will cause the cheesecake to bubble excessively and the surface to crack as that air tries to escape during the baking process.
Decrease the oven temperature to 350°F. Pour the batter into the prepared crust and tap the pan gently on the counter a few times to remove any large air bubbles. Place the springform pan in a large baking or roasting pan (just big enough for the springform pan to fit in) and set the pan on the middle rack in the oven. Fill the pan with enough hot water to reach the rim of the springform pan. Bake for about 1 hour, or until the sides of the custard are set and the middle is still just slightly wobbly. Generally, if the entirety of the custard is fully set, your cheesecake is overbaked. Don’t panic—it’ll still be delicious, and you’ll do better next time!
Let the cheesecake cool in the water until it is about room temperature. (You don’t want to have to try to grab the pan out of hot water if you can help it.) However, if you’re worried that your cheesecake might be slightly overbaked, you’ll want to pull it out rather quickly, and let it cool at room temperature. Refrigerate for at least 3 hours before slicing. The cake can be refrigerated, covered, for up to 4 days.
In a large heavy-bottomed sauté pan, heat the butter until melted. Stir in the granulated sugar, brown sugar, and honey and let cook until bubbling. Add the apples and toss to coat. Stir in the lemon zest, lemon juice, salt, cinnamon, cardamom, and ginger; stir to combine. Cook for about 4 minutes, or until the apples just start to soften. Remove from the heat, stir in the vanilla, and transfer to a bowl to cool completely before use. The filling can be made up to 3 days ahead of time and stored in an airtight container in the refrigerator.", You can cook the cake in a double frying pan or you can use a double frying pan with a wire pan. You can use a double frying pan with a wire pan or you can use a double frying pan with a wire pan. You can also add a bit of oil to the double frying pan.
creole-cream-cheese,../data/food_images/creole-cream-cheese.jpg,"In a large heavy-bottomed saucepot over medium heat with a kitchen thermometer attached to the rim, warm the milk and buttermilk to 85°F. Add one-quarter of the rennet tablet and transfer the mixture to a plastic container or bowl. Cover with plastic wrap and then poke a few holes in the plastic to allow the steam to escape. Let stand at room temperature in a cool spot in your house for 48 hours.
Use a slotted spoon to transfer the solids to a double layer of cheesecloth set over a bowl and discard the liquid. Wrap the solids in the cheesecloth and hang it over the bowl (to catch the whey) in the refrigerator for 24 hours.
Discard the whey. Pack the cheese into an airtight plastic container and store in the refrigerator for up to 1 week.", The dish should be cooked in a slow cooker.
buss-up-shut-paratha-roti-ramin-ganeshram,../data/food_images/buss-up-shut-paratha-roti-ramin-ganeshram.jpg,"Whisk milk powder, baking powder, granulated sugar, and 2 cups (240 g) flour in a large shallow bowl. Add about a fourth of ¾ cup warm water (110°) and mix in a wide circular motion with your fingers to gently combine (do not knead). As mixture becomes dry, add more of the water, little by little, and keep mixing gently until a shaggy dough forms; it should be soft and sticky, without dry spots. (Depending on the humidity, you may not need all of the water.)
Drizzle 1 Tbsp. oil over dough and gently press with your knuckles so that the top of dough is covered with oil. Cover bowl with a damp kitchen towel or plastic wrap and let rest in a warm spot 15 minutes.
Meanwhile, mix shortening and ghee in a small bowl until smooth.
Turn out dough onto a lightly floured surface. Flour your hands and gently fold dough over on itself once or twice, then roll into a fat cylinder. Working quickly, without handling the dough too much, divide dough into four equal pieces and gently form each piece into a ball. Cover balls with a damp kitchen towel or plastic wrap and let rest 10 minutes.
Roll out a dough ball on a lightly floured surface into a 5-6""–diameter round. Brush with a quarter of shortening mixture and sprinkle evenly with flour. Cut a slit halfway across the dough, from the center to the edge. Starting on one side of slit, fold cut edge of dough at about a ¾"" interval. Continue folding process until you reach the other side of the slit and have formed a cone. Pinch together edges at wide end of cone to seal, then bring both point ends together at the top and gently push in toward center of cone to create a dimple (you don’t need to push in too far). Push point at narrow end of cone in toward the center. You should now have a ball with a dimple on each end. Transfer to a lightly floured surface and repeat with remaining balls of dough. Cover balls with a damp kitchen towel or plastic wrap and let rest 20 minutes.
Heat a tawa or griddle over medium until a drop of water immediately sizzles on surface, about 2 minutes.
Meanwhile, place a ball of dough on a dimpled side on a lightly floured surface. Gently flatten into a round with your hands, turning once if desired, then roll, rotating often, to a ⅛""-thick round, about 10–12"".
Brush tawa with a thin layer of oil. Cook roti until it begins to bubble slightly across the surface, about 20 seconds. Brush surface of roti with oil and continue to cook until bubbles across surface increase and roti is stiff enough on bottom side to turn, about 1 minute more. Turn roti over and brush surface with oil (bubbles may deflate; that’s okay). Using a spatula, move roti around to avoid hot spots and ensure even cooking, pressing on edges and uncooked spots to increase contact with pan. Continue to cook, turning every 30 seconds or so, until cooked through and both sides are speckled with golden brown spots, 1–2 minutes more. Using 2 spatulas, push opposite edges of roti toward the center. Smack down on the bunched roti with the ends of the spatulas to break up and flake, then turn roti over. Repeat process, scrunching and smacking roti from different directions, until flaky and lightly shredded. Transfer to a clean kitchen towel set inside a bowl or basket and wrap up to keep warm. Repeat with remaining dough balls and more oil, adding finished roti to bowl and covering tightly with towel as you go.", I cooked this dish in a bowl.
deviled-eggs-106562,../data/food_images/deviled-eggs-106562.jpg,"Cover eggs with cold water by 1 1/2 inches in a 3-quart heavy saucepan and bring to a rolling boil, partially covered. Reduce heat to low and cook eggs, covered completely, 30 seconds. Remove from heat and let stand, covered, 15 minutes. Transfer eggs with a slotted spoon to a bowl of ice and cold water to stop cooking and let stand 5 minutes.
Peel eggs and halve lengthwise. Carefully remove yolks and mash in a bowl with a fork. Add mayonnaise, mustard, and cayenne and stir with fork until smooth, then season with salt and pepper. Fill pastry bag with yolk mixture and pipe into egg whites."," In order to cook homestyle egg salad, you'll need some preparation time. It's not difficult to follow, but you'll need a little patience. You'll want to first chop the egg halves into small bite sized pieces. You'll then split them into four equal sized equal sized halves. Then you'll want to shred the egg. You'll need a knife, a fork, and a bowl. It's easier if you make sure to grab a knife. In order to slice the egg halves, you'll need a knife. You'll also need a knife. When you have finished chopping, shredding, and slicing the egg halves, you'll want to return them to the bowl and keep it spread out so that the egg yolks and egg whites can be seen."
mango-curry-joe-thottungal,../data/food_images/mango-curry-joe-thottungal.jpg,"In a bowl, combine mangoes, shallots, green chiles, ginger, garlic, vinegar, and salt and mix well. Set aside for 2 hours.
In a large saucepan, combine mango mixture and coconut milk and bring to a boil. Reduce heat and simmer for 5 minutes, or until mangoes are softened.
Have a splash guard and measured spices nearby. Heat oil in a small frying pan over medium-high heat until nearly smoking. Immediately reduce heat to medium. (You can test the heat of the oil by dropping in a couple of seeds. The oil is at the correct temperature when the seeds crackle, but do not burn.) Add mustard seeds and temper for a few seconds, until they stop popping. (Cover with the splash guard, if needed.) Add red chiles and curry leaves and cook for 15–20 seconds. Add the tempered spice mixture to the saucepan and stir to combine.
Garnish with fried onions (if using). Serve with rice.
Tempering is a traditional method of extracting optimal flavor from Indian spices, and it is a skill learned with practice! Reducing the heat a little before adding the spices prevents the spices from burning and adding a bitterness to your dish. If they do burn, simply start again with fresh spices."," The dish appears to be a rice dish, likely chicken or Beef. It is cooked with a sweet and fragrant sauce, which is likely made from soy sauce and sugar, and is topped with fresh green herbs."
iced-cafe-de-olla,../data/food_images/iced-cafe-de-olla.jpg,"Bring piloncillo, canela, cardamom, allspice, peppercorns, salt, and 1 cup water to a boil in a small saucepan. Reduce heat, cover, and simmer 15 minutes. Add orange zest; let cool.
Strain spiced syrup through a fine-mesh sieve into a measuring glass; discard spices. (You should have about 1 cup.)
To make 1 drink, pour 1 cup cold-brew coffee into an ice-filled glass. Stir in 2–3 Tbsp. spiced syrup; top with 2–3 Tbsp. coconut milk.
Do Ahead: Syrup can be made 1 week ahead. Cover and chill.", I would add milk and sugar to the recipe.
pumpkin-dutch-baby-recipe,../data/food_images/pumpkin-dutch-baby-recipe.jpg,"Place an 8-inch ovenproof skillet or cast-iron pan in the oven and preheat to 425°.
Once the oven reaches temperature, blend 3 large eggs in a blender until well combined and frothy, 1 minute. Add ¼ cup of the pumpkin purée, then 1 cup milk, and then 1 Tbsp. of the butter, blending for 30 seconds after each addition. Add 1 cup all-purpose flour, ¼ tsp. allspice, ¼ tsp. ground ginger, ¼ tsp. nutmeg, ½ tsp. salt, and 1 tsp. of the cinnamon in one addition. Blend again until combined and frothy, 1 minute (scraping down the sides of the blender if necessary).
Pull the hot pan from the oven and add the remaining 2 Tbsp. butter, swirling the pan so it melts evenly across the bottom (it will bubble and brown). Once the butter is melted, immediately pour in the Dutch baby batter and return to the oven. Bake until golden brown and slightly puffed, 20 minutes.
While the Dutch baby bakes, combine ½ cup apple cider, 3 Tbsp. maple syrup, the remaining ½ tsp. cinnamon, a pinch of salt, and the rest of the can of pumpkin purée (about 1 ¼ cups) in a small saucepan. Cook over medium-high heat until the mixture starts to bubble, then reduce to medium and cook, stirring frequently and scraping down the sides of the pot with a spatula, until dark and thickened with no raw pumpkin flavor remaining, 20 to 25 minutes. Slice the Dutch baby (it will start to sink as soon as you take it out of the oven) and serve with the pumpkin butter and powdered sugar.", The dish is not fully cooked. It needs a little bit of oil and sugar and baking powder to reach the desired golden brown color.
braised-chicken-legs-with-grapes-and-fennel,../data/food_images/braised-chicken-legs-with-grapes-and-fennel.jpg,"Place a rack in middle of oven; preheat to 375°F. Season chicken legs all over with 3 tsp. salt.
Swirl 1 Tbsp. oil in a large Dutch oven or other heavy pot to coat and heat over medium-high. Place 2 chicken legs, skin side down, in pot, making sure skin is in direct contact with pan. Cook, undisturbed, until dark golden, about 5 minutes. Turn over and cook until golden on other side, about 2 minutes. Transfer to a large plate. Repeat with remaining 2 chicken legs; reserve pot.
Meanwhile, working one at a time, stand a bulb, root end down, on a cutting board and slice off a short end to create a flat surface. Turn cut side down and slice ½"" thick, starting from the top end of bulb so the root end can hold the layers in place while you slice. Discard last ¼"" (root end) of each bulb and pop out and discard tougher center from slices. Transfer fennel to a large bowl and add half of the grapes, ½ tsp. salt, and remaining 1 Tbsp. oil; toss to coat. Set aside.
Reduce heat to medium and combine broth, honey, chile paste, and remaining 1 tsp. salt in reserved pot. Stir to combine and dissolve salt. Place remaining grapes in pot and arrange chicken legs, skin side up and overlapping if needed, over grapes. Top with dressed fennel and grapes. (Don’t worry if it looks crowded: Fennel will soften as it cooks.)
Transfer pot, uncovered, to oven and roast until fennel is slightly softened, with some crispy, caramelized edges, grapes on top are swollen and browned in spots, and chicken is cooked through, 30–40 minutes. Let cool 5 minutes.
Using a slotted spoon or tongs, transfer grapes and fennel to a bowl and chicken to a platter. Place pot over medium-high heat and bring braising liquid to a simmer. Cook until reduced by half (you should have about 1 cup liquid), 8–10 minutes. Remove from heat and stir in vinegar and fennel fronds.
Spoon sauce over chicken and serve with fennel and grapes alongside.", The dish may be cooked in a traditional oven or by slow-cooking in a pan.
old-fashioned-scalloped-potatoes-10270,../data/food_images/old-fashioned-scalloped-potatoes-10270.jpg,"Preheat oven to 400°. In a skillet, cook the onion and 2 tablespoons of the butter over moderately low heat, stirring, until it is very soft. In a heavy saucepan, melt 6 tablespoons of the remaining butter over moderately low heat, whisk in the flour, and cook the roux, whisking, for 3 minutes. Add the milk, scalded, in a stream, whisking, and bring the sauce to a boil. Simmer the sauce, whisking, for 1 minute and add salt and pepper to taste.
Peel the potatoes and slice them ⅛-inch thick. Spread about one third of the sauce in the bottom of a well-buttered 3-quart gratin dish at least 2 ½-inches deep, cover it with a layer of potato slices, overlapping the slices slightly, and cover the potatoes with one third of the onions. Sprinkle the onions with one third of the Cheddar and continue to layer the remaining sauce, potatoes, onions, and Cheddar in the same manner. Sprinkle the top with bread crumbs, and dot it with the remaining 1 tablespoon butter, cut into bits.
Bake the mixture, covered with foil, in the middle of preheated oven for 20 minutes. Remove the foil and bake the potato mixture for 35 minutes more, or until the top is golden and the potatoes are tender.", You can cook this dish in a pan.
easy-yogurt-and-spice-roasted-salmon-sabrina-ghayour,../data/food_images/easy-yogurt-and-spice-roasted-salmon-sabrina-ghayour.jpg,"Preheat your oven to its highest setting (with fan if it has one). Line a baking tray with baking paper.
Mix all the marinade ingredients together in a mixing bowl. Add the salmon and turn until well coated in the marinade.
Spread the salmon out on the prepared baking tray and roast for 10 minutes until cooked through. Remove from the oven and serve immediately with tortilla wraps, tomatoes, finely sliced onion, coriander leaves and Greek yogurt."," The dish is likely to be stir-fried with some vegetables. You can cook it in a food processor or a deep grill pan. For stir-frying, use a food processor to combine the ingredients. In a food processor with a little oil, combine the noodles, vegetables, spices, and seasonings, and mix well. Place the noodles in a cooking pan. Cover the pan with a lid. Cover the pan with a small amount of water. Place the food in the pan and stir-fry until the noodles are slightly translucent. Add vegetables and continue to stir-fry until the vegetables are tender."
fresh-homemade-pita-alon-shaya,../data/food_images/fresh-homemade-pita-alon-shaya.jpg,"Combine the water and yeast in a large mixing bowl (if you have a stand mixer, use that bowl) and let sit for 5 minutes.
Reserve ½ cup (60 grams) bread flour and add the remaining 4 cups to the mixing bowl along with the canola oil.
If you have a stand mixer, fit it with the dough hook and knead the mixture on low speed for about 3 minutes, until a sticky but cohesive dough starts to form. Pause occasionally to scrape down the bowl if the flour is clinging to the sides and bottom or climbing up the hook. If you’re making the dough without a stand mixer, mix it with a wooden spoon. In either case, loosely cover the bowl with plastic wrap or a dish towel and let rest for 30 minutes.
With your stand mixer on low or while stirring by hand in the mixing bowl, add the salt and, over the course of 2 or 3 minutes, add the remaining ½ cup flour, 2 tablespoons at a time. The dough should be more tense; it will feel soft but tacky, although it will pull from the sides of the bowl.
Flour your hands generously and use them to pull the dough onto a clean, unfloured work surface. Cup your hands around the dough, rolling it in short, circular strokes and using the sides of your hands to nudge it into a relatively smooth ball.
Lightly wipe the inside of a large bowl with canola oil and place the dough inside, flipping it once or twice to coat. Loosely cover the bowl and let the dough rise at a warm room temperature for 1 hour.
After 1 hour, the dough will be stretchy but very soft. Leaving it inside the bowl, stretch opposite sides of the dough over the center. Rotate the bowl a quarter- turn and stretch the dough in the same way, then flip the whole mound of dough upside down and cover again. Let rise for 1 hour.
Repeat this series of folds one more time, allow it to rise at room temperature for 1 hour, then tightly cover the bowl and refrigerate overnight or up to 2 days. The longer the dough is refrigerated, the more flavor it will have. After this rise, it’s ready to be shaped; bear in mind that, once it’s shaped, it will need more time for a final rise, so plan ahead.
Wipe a bit of canola oil on a large baking sheet. Dump the dough onto a clean, dry counter, and use a bench scraper or sharp knife to cut it into eight equal pieces; make clean, decisive cuts rather than use a sawing motion, so you don’t deflate all the air inside.
Lightly flour your hands and place one palm directly over the dough ball, with all your fingertips touching the counter to make a sort of “cage” around the dough. Roll it in brisk, small circles on the countertop so it tightens itself into a smoother, more taut ball.
Space the rounds of dough a few inches apart, seam side down, on the sheet, and roll to coat them lightly in oil. Tightly cover the sheet with plastic wrap so the dough doesn’t dry out, and let them rise at room temperature for 2 to 4 more hours, until they’re pillowy.
Meanwhile, set a baking stone on the center rack of your oven and turn on the broiler. You’re emulating a 700°F wood- burning oven, so you need to give the stone a good long while to preheat before you bake.
When the dough is ready, lightly flour a work surface, and use a bench scraper or thin metal spatula to coax one piece into your palm; be sure you don’t manhandle it or you’ll force out the pockets of air that formed while it rose. Dust a little more flour on the top of the dough and onto your rolling pin.
With firm, even pressure, briskly roll the dough a few times along its length. Flip it upside down, rotate it a quarter- turn, and roll it the same way, keeping it as round as possible. Repeat, dusting a little extra flour as needed, until it’s about 6 inches across.
This next part happens fast and furiously, so make sure you have no distractions—screaming children and natural disasters will have to wait. Use tongs or a good oven mitt to pull the oven rack with the baking stone partially out. Carefully pick up the pita, drape it over your palm, and slap it down onto the stone as if you’re giving it a high- five (just be careful not to touch the hot stone!). Set a timer for 1 minute, and close the oven. Broilers vary in strength but all are quite hot, so don’t turn your back on the oven or the pita may burn. Check on it— it should puff up and build in color, with some beautiful blistered spots. If it’s still pale, close the oven and let it keep baking for 30- second intervals.
Use tongs to flip the pita, and let it finish baking with the oven door cracked so you can watch it finish. Pull it out when the second side is as pretty as the first; this can take anywhere from 30 seconds to 2 minutes, depending on your broiler.
Bake off the rest of the dough this way; as you get the hang of it, feel free to bake two pitas at a time. Serve these hot or at room temperature.", The dish can be cooked on a grill.
veselkas-famous-borscht,../data/food_images/veselkas-famous-borscht.jpg,"To make the “beet water,” roughly chop 2 pounds of the beets (select the smaller ones), preferably in a food processor fitted with the metal blade. Place the chopped beets in a large stockpot. Add 10 cups of water and 1 tablespoon vinegar.
Place the stockpot over high heat and bring to a boil, then reduce the heat to low, and simmer for 2 hours. (If it seems like the liquid is evaporating too quickly, you may need to cover the pot partially with an offset lid.) The beets should be extremely soft and the liquid bright red.
Strain the liquid, pressing the cooked beets against the side of the strainer to extract as much liquid as possible. Discard the pulp or reserve. Set aside the beet water. You should have just about 4 cups.
Meanwhile, place the remaining 1 pound of whole beets in a separate large stockpot. Add water to cover and bring to a boil. Reduce the heat to low, and simmer until the beets are tender-firm, about 40 minutes. When the beets are cooked, add 1 tablespoon white vinegar and set them aside to cool.
When the whole cooked beets are cool enough to handle, peel them; the skins should slip off easily. Grate the peeled beets on the largest holes of a box grater or in a food processor fitted with the grating blade.
To make the broth, place the pork butt in a large stockpot and add the beef stock. If necessary, add a little more stock or water to cover. Add the bay leaf, allspice berries, and peppercorns. Bring to a boil, reduce the heat to low, and simmer until the meat is tender and beginning to fall apart, about 2 hours. Set the pork aside to cool. When the pork is cool enough to handle, remove it from the pot and cut the meat into ½-inch cubes. Strain the broth and discard the bay leaf, allspice berries, and peppercorns. Reserve the cubed meat and 4 cups of the broth.
To cook the vegetables, place the carrots and celery in a large stockpot and pour the reserved meat broth over them. Bring to a boil, reduce the heat, and simmer until the carrots and celery are just tender, about 8 minutes. Add the cabbage and potatoes and continue to cook until the potatoes and carrots are easily pierced with a pairing knife but keep their shape, 15 to 20 additional minutes. Add the lima beans and cook for 5 additional minutes, just to meld the flavors. Gradually add the remaining 7 tablespoons white vinegar, tasting between additions and stopping when the flavor is to your liking. Remove the soup from the heat and set aside.
To compose the soup, in a large soup pot combine the “beet water” and meat broth with the vegetables. Add the cubed pork and the grated beets. Stir to combine and bring to a simmer over low heat. Season to taste with salt and serve immediately.", You can bake this beet soup.
ghanian-snapper-with-baked-yam-chips,../data/food_images/ghanian-snapper-with-baked-yam-chips.jpg,"Using a sharp chef’s knife, score skin of each fish fillet in a crosshatch pattern, making cuts about ½"" apart. Season fillets on both sides with salt and alligator pepper.
Toast cubeb peppers in a dry small skillet over medium-low heat, shaking occasionally, until fragrant, about 3 minutes. Transfer to a spice mill or mortar and pestle. Let cool and coarsely grind; set aside. Coarsely chop half of papaya into 1"" pieces; set remaining half aside. Coarsely chop half of cilantro (leaves and stems); set remaining cilantro aside.
Transfer chopped papaya to a blender; add oil and blend, adding 1–2 Tbsp. water to get it going if needed, until smooth. Add chopped cilantro, onion, garlic, ginger, ground chile, ¼ tsp. salt, and reserved ground cubeb pepper. Blend mixture to a smooth paste.
Coat fillets all over with marinade, rubbing into score marks. Place fish, skin side down, in a single layer in a large baking dish. Squeeze juice from half a lemon over. Set remaining lemon half aside for serving. Cover with plastic wrap or a lid and chill at least 2 hours and up to 12 hours.
Fill a large bowl with water. Peel yams and slice in half lengthwise, then slice in half crosswise. Cut each quarter into ½""-thick slabs. (Length of slabs will depend on yam’s size, but you’re going for something that looks like steak fries.) Add yam slices to bowl as you work to prevent oxidation. When all yams are cut, swish in water to remove excess starch, then drain. Refill bowl and repeat process until water is clear, about 2 more times. Add sugar and ½ tsp. salt and stir until dissolved; add the drained chips. (Yams, like many foods that are good for you, can be quite bitter; the sugar will help counter this.) Let soak 30 minutes.
Place a rack in middle of oven; preheat to 450°. Drain chips and pat dry with a clean kitchen towel. Transfer to a rimmed baking sheet and drizzle with 2 Tbsp. oil. Season with black pepper, then sprinkle with chili powder and remaining 1 tsp. salt. Toss to coat, then spread out into an even layer. Roast chips, turning halfway through, until golden brown and crisp, about 20 minutes.
Heat broiler. Scrape off excess marinade from fish and place fillets, skin side up, on another rimmed baking sheet. Broil until browned and crisp on top and cooked through, 5–7 minutes.
Using a vegetable peeler, shave reserved papaya into ribbons, pick leaves from reserved cilantro stems, and cut reserved lemon half into wedges.
Transfer fish to plates and top with papaya and cilantro. Mound yam chips next to fillets. Serve with shito and lemon wedges alongside."," If you are looking for the answer, you should cut the fish in half and slice a lemon. Then you should spoon some of the lemon juice in the plate."
drunk-apricot-shito-ghanaian-hot-pepper-sauce,../data/food_images/drunk-apricot-shito-ghanaian-hot-pepper-sauce.jpg,"Place apricots in a small bowl and pour in hot water to cover. Let sit 20 minutes, then drain and coarsely chop. Return apricots to same bowl and add rum; stir to coat. Chill at least 30 minutes and up to 1 day. Drain into a mesh sieve set over another small bowl or container. Reserve apricots and rum separately.
Melt butter in a medium saucepan over medium heat. Add cinnamon, 3 Tbsp. coconut sugar, and reserved apricots. Cook, stirring occasionally, until apricots are slightly softened and coated in caramel, 6–8 minutes. Add reserved rum and cook, stirring often, until thickened and syrupy, about 5 minutes. Let cool slightly. (Just FYI: You can eat these drunk apricots right away over vanilla ice cream and be very happy.)
Toast grains of selim pods and cubeb peppers in a small skillet over medium-low heat, shaking occasionally, until fragrant, about 3 minutes. Transfer to a spice mill or mortar and pestle and let cool. Grind as well as you can. The grains of selim won’t completely break up, so cracked open but mostly whole is okay—you just want to release some of their flavor.
Heat oil in a large Dutch oven or other heavy pot over medium. Cook white and red onions, stirring occasionally, until softened and just starting brown, 20–25 minutes. Stir in ground grains of selim and cubeb pepper, garlic, ginger, and remaining 1 tsp. coconut sugar. Cook, stirring occasionally, 5 minutes. Add red pepper flakes, rosemary, thyme, prawn powder, and 1 tsp. salt to pot and cook, stirring occasionally, about 2 minutes. Add drunk apricots along with any syrup and cook, stirring often, about 2 minutes.
Add tomato purée to pot and cook, stirring occasionally, 4 minutes, then stir in chile powder. Add broth and fresh chile. Cover pot and cook, stirring occasionally to prevent sticking, until a loose dark brown paste forms, 30–40 minutes. The oil will rise to the surface when the sauce is ready. Remove from heat; taste and season with more salt if needed. If you like texture, leave as is, or blend with an immersion blender (or let it cool slightly and blend it in a blender) to make it smooth. Let cool completely.
Spoon shito into jars or an airtight container with at least a ¼"" layer of oil on top.
Do ahead: Shito can made 1 week ahead. Cover and chill.
Note: The amount of chile described in this recipe is what I would classify as pretty hot—some West Africans might call this medium hot, some very hot. Folks familiar with heat will enjoy this, but if you don’t like super-jacked heat you should probably err on the lower end of the range. West African pantry staples can be found at Zoe's Ghana Kitchen."," To cook this dish, you should cook in a pan with onions and carrots. It looks like it's made with onion and carrots, and you don't need any oil. The sauce will be thick and deep."
summer-bean-soup-with-tomato-brown-butter-cortney-burns,../data/food_images/summer-bean-soup-with-tomato-brown-butter-cortney-burns.jpg,"Combine the dried beans and kombu in a large container and cover with plenty of water to soak for at least 4 hours or overnight; skip this step if using fresh beans.
Drain the beans and kombu and add them to a large pot with enough water to cover by about 1 in. (if using fresh beans, add the kombu now). Bring to a boil over medium-high heat; meanwhile, halve the tomatoes and cut the celery, carrot, and leek into about 3 in. pieces. As soon as the water boils, decrease the heat to medium-low and add the vegetables to the pot, along with the whole shallots and minced garlic. Continue to cook at a gentle simmer until the beans are very creamy, 60 to 90 minutes for dried beans and about half that for fresh.
Remove the pot from the heat and use a slotted spoon to reserve the tomatoes; remove and discard the other vegetables.
Set up a sieve over a heat proof container and strain the beans (there should be about 3 cups or 480 g), reserving all the cooking liquid.
In a blender, combine 1 cup (160 g) of the cooked beans with 2 cups (480 ml) of the cooking liquid, plus the tomatoes, anchovies, oil, maple syrup, salt, red pepper flakes, and mustard. Purée until extremely smooth, pour into a large bowl, and fold in the reserved cooked beans by hand. At this point, you can serve it right away or transfer to an airtight container and refrigerate for up to 3 days, gently rewarming over medium-low heat when you’re ready to serve.
While the bean soup is cooking, preheat the oven to 325°F. Cut the bacon into ¼ in. lardons; reserve 3 whole beans for garnish and cut the rest into 2 to 3 in. pieces.
In a medium saucepan or Dutch oven, spread the bacon in an even layer and cook over medium-low heat until it starts to turn golden and crisp, about 10 minutes. Use a slotted spoon to remove the pieces but leave the fat behind.
Increase the heat slightly, and sauté the shallots until translucent, 5 to 10 minutes. Stir in the chopped beans, bacon, and red pepper flakes. Cover with a lid or a tight layer of foil and bake until the beans are very soft, 60 to 90 minutes. Stir in the lemon zest, juice, and garlic as soon as the beans come out of the oven and cover again; the residual steam will cook the garlic.
Thinly slice the pickled green beans on the bias. Combine with the cherry tomatoes, oil, and vinegar.
To serve, ladle the bean soup into bowls with a big spoonful of the baked beans on top. Garnish with the pickled green bean mix, a swirl of tomato brown butter, crumbled feta, and torn fresh herbs. Leftovers can all be refrigerated in separate airtight containers, though the green bean salad is best on the day it’s made, when the beans are most crisp and the tomatoes are fresh.
This works for any amount of dense vegetables or dense, underripe fruit, either whole or cut up, such as carrots, turnips, beets, winter squash, onions, green beans, Brussels sprouts, green tomatoes, small apples, underripe peaches, and whole baby cabbages. Peel off any tough skins, such as on beets, winter squash, and onions, and trim the tops. Leave the vegetables whole or cut them into the desired finished shape. Place the vegetables in a nonreactive container and pour water to completely submerge them; as you do so, keep track of how much water you’re adding since the amount of water will dictate the amount of salt (generally 3.5 percent salt by weight of the water for most vegetables, although cucumbers can handle 4 to 5 percent and the increased salt assists with keeping their texture crispy). With a long wooden spoon, stir kosher salt into the brine (or add the salt, cap the jar, and give it a hearty shake) until the salt is dissolved. Place a weight on top of the vegetables to keep them submerged in the brine. Seal the container, using a lid with an airlock if you have one. If you don’t have an airlock, you’ll just need to open the container every few days or so to release carbon dioxide buildup and check for mold. Place the container in a clean, low-light area with an ambient temperature of 60°F to 68°F until the pickles taste sour, about 3 weeks. Refrigerate indefinitely."," You can either cook this in a sauce or in a thin soup. In this case the soup is thick and thick, so it might be better to boil it or either cook it in a sauce or cook it in soup."
tomato-brown-butter-cortney-burns,../data/food_images/tomato-brown-butter-cortney-burns.jpg,"Place the tomato in a blender and purée, then strain through a fine-mesh sieve; you should get about ½ cup (120 ml). Add the butter to a large skillet and gently cook over medium heat until it starts to brown and smell nutty. Stir in the smooth tomato purée (be careful; it might spatter) and simmer for another minute or so. You’re looking to slightly cook the purée but keep its brightness. The mix won’t emulsify, which is fine. Season with salt and pepper and set aside."," The dish could be cooked to a medium-rare doneness, which typically involves searing the food until a pink and red color develops, which means it will be slightly charred. However, the specific cooking time is not mentioned. Alternatively, it could be cooked to a medium-rare temperature to ensure a long cooking time, which would likely result in a more caramelized exterior."
maple-roasted-acorn-squash-ina-garten,../data/food_images/maple-roasted-acorn-squash-ina-garten.jpg,"Preheat the oven to 350°F.
Place the squash, cut sides up, on a sheet pan. Place ½ tablespoon butter and ½ tablespoon maple syrup in the cavity of each squash. Brush the cut sides with olive oil and sprinkle the squash with 3 teaspoons kosher salt and 1 teaspoon pepper. Roast for 40 to 60 minutes, depending on the size of the squash, until tender when pierced with a small knife.
Place the squash on a serving platter. If the halves are too large for one serving, cut each piece in half through the stem. Drizzle lightly with extra maple syrup, sprinkle with sea salt, and serve hot.
Acorn squash is hard to cut. To halve a whole squash, plunge the blade of a large chef’s knife into the side of the squash as far as it will go. Holding the handle of the knife, bang the squash (with the knife in it) on the board until the blade cuts all the way through."," In a microwave oven, you can microwave up to 16 hours. The exact time of this microwave cooking is not specified, but it would be a reasonable time. To prepare it, microwave the halves in a microwave oven with the skin of the flesh.

### Instructions:

1. **Place the halves on the plate**: Start by placing the halves of the avocado on the plate.
2. **Place the avocado on the plate**: Once the halves are in place, you can place the avocado on the plate. The avocado should be cut into halves, so the halves are in the center.
3. **Bake the avocado**: Place the avocado in the microwave oven on a clear plate.
4. **Bake the avocado for about 10-15 minutes, or until the avocado is soft and the interior is slightly charred, and the skin is bubbly.
5. **Remove the avocado**: After the 10-15 minutes, remove the avocado from the plate.
6. **Secure the avocado**: Gently remove the avocado from the plate and secure it with a kitchen tongs.
7. **Remove the avocado from the plate**: Once the avocado is removed from the plate, you can remove"
coconut-creamed-corn-and-grains,../data/food_images/coconut-creamed-corn-and-grains.jpg,"Heat oil in a large nonstick skillet over medium. Cook chile, ginger, garlic, and 2 sliced scallions, tossing, until softened and fragrant, about 3 minutes. Add turmeric and cook, stirring frequently, just until darkened and fragrant, about 30 seconds. Add corn and increase heat to medium-high. Cook, tossing occasionally, until corn is beginning to lightly brown, about 5 minutes.
Add grains to skillet and cook, tossing often, until heated through and beginning to crisp around the edges, about 2 minutes. Add ½ cup coconut milk; season with salt. Bring to a simmer and cook, adding 1–2 Tbsp. water if needed to loosen, until flavors have come together, about 3 minutes.
Divide corn mixture between plates or shallow bowls and drizzle with more coconut milk. Top with crispy onions and more scallion. Serve with lime wedges for squeezing over."," You need to stir-fry the corn, coconut, shrimp, and other ingredients until they are cooked."
tomato-and-roasted-garlic-pie,../data/food_images/tomato-and-roasted-garlic-pie.jpg,"Place a rack in middle of oven; preheat to 475°F. Arrange tomatoes on a rimmed baking sheet, covering entire surface (it’s okay if they overlap). Drizzle with oil; season with salt and pepper. Roast until tomatoes begin to look dry on top, 25–30 minutes. Let cool.
Meanwhile, cook garlic and butter in a small saucepan over medium-low heat, swirling often, until butter foams and milk solids turn golden, 5–7 minutes. Strain garlic butter through a fine-mesh sieve into a heatproof measuring cup; transfer garlic and toasty bits to a cutting board. Finely chop and set aside.
Reduce oven temperature to 375°F. Pulse crackers and ¼ tsp. salt in a food processor until fine crumbs form (you should have about 2 cups). Add eggs and 6 Tbsp. garlic butter and pulse until mixture is the consistency of wet sand; set remaining garlic butter aside. Transfer to springform pan. Using a flat-bottomed measuring cup, press crumbs firmly onto bottom and 1½"" up sides of pan. Bake crust until edge is just starting to take on color, 8–10 minutes. Transfer pan to a wire rack and let crust cool.
Mix Taleggio, Parmesan, mayonnaise, chopped thyme, remaining ½ tsp. salt, remaining ¼ tsp. pepper, and reserved chopped garlic in a medium bowl. Gently dollop half of cheese mixture over bottom of crust, then spread into an even layer with an offset spatula (don’t press too hard or you will break the crust). Layer half of tomato slices over and press down to even out layers. Repeat with remaining cheese mixture and tomatoes. Brush remaining garlic butter over tomatoes. Top with shallot and thyme leaves.
Set pan on a rimmed baking sheet and bake pie until filling is bubbling vigorously and crust is browned, 60–75 minutes. Transfer to rack and let cool 1 hour before serving.
Do Ahead: Pie can be made 1 day ahead. Cover loosely and chill.", The dish should be baked in a pan.
paneer-with-burst-cherry-tomato-sauce,../data/food_images/paneer-with-burst-cherry-tomato-sauce.jpg,"Toss scallions, ginger, and garlic in a medium bowl to combine. Using a mortar and pestle or the side of a chef’s knife, coarsely crush coriander seeds and add to vegetables along with cumin seeds, black mustard seeds, chile powder and turmeric; set aside.
Heat 2 Tbsp. extra-virgin olive oil in a large skillet over medium-high. Arrange paneer in a single layer in pan and cook until golden brown underneath, about 1 minute. (If paneer is sticking, just give cheese a little more time to brown. It will release from pan once it is sufficiently crisped.) Using a slotted spatula or spoon, transfer paneer to a plate, leaving as much oil behind in pan as possible. Turn browned side up and season generously with salt.
Reduce heat to medium and add remaining 1 Tbsp. oil to same skillet. Cook reserved scallion mixture, stirring often, until scallions are wilted and mustard seeds begin to pop, about 2 minutes.
Add tomatoes, sugar snap peas, and 1 cup water to skillet and season with salt. Increase heat to medium-high and bring to a simmer. Gently smash each tomato open with a spatula (you just want to break them open a little) and simmer until tomato juices thicken slightly, about 3 minutes (it should still be pretty brothy and light). Taste sauce and add more salt if needed. If your tomatoes aren’t super sweet, you may need to add a pinch of sugar at this point to balance their acidity. Add paneer back to pan and simmer until warmed through.
Remove pan from heat and toss in mint. Serve with cooked rice.", Chop and stir-fry it.
sesame-scallion-chicken-salad,../data/food_images/sesame-scallion-chicken-salad.jpg,"Bring chicken, 3 Tbsp. kosher salt, and 5 cups water to a bare simmer in a medium pot over medium heat (chicken should be submerged). Be patient—this will take a little while. Once liquid begins to simmer, reduce heat to low and cook (water should not be simmering at all now) until juices run clear when thickest part of chicken is pierced, 8–10 minutes. Transfer chicken to a medium bowl; discard poaching liquid. Let chicken sit until cool enough to handle, then shred meat into big pieces; set aside.
Meanwhile, place scallions in a small bowl and pour in very cold water to cover; let soak 10 minutes.
Drain scallions in a mesh sieve or colander, then rinse under cold running water, swishing vigorously to rinse and to encourage them to curl up. Shake off as much water as possible and place in a large bowl; set aside.
Working one at a time, slice cucumbers in half crosswise, then slice each piece in half lengthwise. Place quarters cut side down and slice in half lengthwise again to create 8 pieces total per cucumber. Add to bowl with reserved chicken.
Set 1 Tbsp. sesame seeds aside in a small bowl for serving. Crush remaining sesame seeds in a mortar and pestle until some of the seeds have turned to powder, but with plenty of whole seeds left. (Alternatively, you can pulse seeds a few times in a food processor or spice mill, then transfer to a medium bowl before proceeding). Add lime juice, tahini, soy sauce, honey, and red pepper flakes and mash to create a paste. Add ¼ cup water and whisk to combine (if you don’t have a small enough whisk, work in with the pestle). Taste and season with salt.
Add lettuce and cilantro to bowl with reserved scallions. Pour half of dressing over and toss to coat. Arrange on a platter. Pour remaining dressing over chicken and cucumbers, toss to coat, and arrange over greens. Top salad with reserved 1 Tbsp. sesame seeds and squeeze juice from lime half over.", Serve it to friends.
maple-soy-barbecue-grilled-chicken,../data/food_images/maple-soy-barbecue-grilled-chicken.jpg,"Heat olive oil in a small saucepan over medium. Cook garlic, turning occasionally, until golden brown, about 4 minutes. Add tomato paste and cook, stirring constantly and scraping bottom of pan, until slightly darkened, about 3 minutes. Add maple syrup, soy sauce, Worcestershire sauce, vinegar, and Sriracha. Bring to a boil, then reduce heat to medium-low and simmer until flavors have come together, about 1 minute. Remove from heat. Transfer about half of barbecue sauce to a heatproof bowl and set aside for serving.
Prepare a grill for medium-high indirect heat (for a charcoal grill, bank coals on one side of grill; for a gas grill, leave one or two burners off); oil grate. Season chicken generously with salt. Grill chicken over direct heat, turning every minute, until browned on all sides, about 5 minutes. Move chicken over indirect heat. Cover, positioning vent (if your grill has one) over chicken, and continue to grill, keeping grill covered as much as possible and turning every 5 minutes or so, until an instant-read thermometer inserted into thickest part registers 140°F–145°F, 18–25 minutes depending on the size of the pieces. Baste chicken with barbecue sauce and grill, turning and basting occasionally, until an instant-read thermometer inserted into thickest part registers 160°F for breast and 165°F for dark meat, about 10 minutes longer.
Arrange chicken on a platter. Serve with reserved barbecue sauce alongside.
Do Ahead: Barbecue sauce can be made 2 weeks ahead. Transfer to an airtight container; cover and chill.", The dish should be cooked to a medium-rare doneness.
spiced-lamb-and-dill-yogurt-pasta,../data/food_images/spiced-lamb-and-dill-yogurt-pasta.jpg,"Combine egg yolks, kefir, and 1½ cups dill in a blender; finely grate in 1 garlic clove and blend until smooth. Set purée aside. Finely chop remaining 1½ cups dill and set aside separately.
Melt butter over medium heat in a large skillet. Add pine nuts and cook, stirring often, until golden brown, about 2 minutes. Add dried currants and cook, stirring often, until plump, about 1 minute. Scrape nut mixture into a small bowl; season with salt.
Wipe out skillet and heat over medium-high. Stir together cumin, pepper, and 1 tsp. salt in a small bowl. Place lamb in pan and use a sturdy spatula to aggressively flatten (like you’re making smash burgers); sprinkle spice mixture over. Cook, undisturbed, until lamb is well browned and crisp underneath, about 4 minutes. Hold back meat and drain off all of the fat. Break up meat into small pieces and mix in reserved nut mixture. Finely grate in remaining 2 garlic cloves and add reserved chopped dill. Cook, stirring, until herbs are wilted, about 1 minute. Set aside until pasta is ready.
Meanwhile, cook pasta in a large pot of boiling salted water, stirring occasionally, until 1 minute shy of al dente (pasta will finish cooking in the sauce). Drain pasta and return to pot.
Pour reserved purée over pasta and set over medium heat. Cook, stirring constantly, until sauce thickens enough to cling to pasta and just comes to a simmer, about 3 minutes. Remove from heat; finely grate zest from lemon half over pasta, then squeeze in juice. Season with salt.
Divide pasta among bowls and top with lamb mixture.", I am unsure of the correct method to cook the dish. I can confirm that the dish has been cooked to a fine consistency and is in a creamy or thick sauce.
pan-seared-salt-and-pepper-fish,../data/food_images/pan-seared-salt-and-pepper-fish.jpg,"Rinse rice in several changes of cold water in a medium bowl until water runs clear. Drain well, then transfer to a small saucepan. Pour in 1¼ cups cold water and bring to a boil over medium-high heat. Give rice a stir so grains don’t stick to the bottom. Cover pot and reduce heat to lowest setting. Cook, undisturbed, until water is evaporated and rice is tender, 18–20 minutes. Remove from heat and let sit, still covered, 10 minutes.
Meanwhile, trim dark green tops from scallions and thinly slice; set aside. Thinly slice white and pale green parts of scallions of a deep diagonal. Set aside separately.
Mix ginger and 2 Tbsp. oil in a medium bowl. Add cod and season with salt and sprinkle all over with pepper. Toss to coat.
Heat remaining 1 Tbsp. oil in a large nonstick skillet over medium-high. Cook cod, undisturbed, until golden underneath, about 2 minutes. Turn over and scatter reserved white and pale green scallion parts on top. Cook, shaking the pan a few times, until fish is cooked through and some scallions are caramelized and some are just slightly softened, about 2 minutes. Remove from heat.
Stir vinegar and sugar in a small bowl until sugar dissolves. Mix into rice. Add butter and reserved dark green scallion tops and gently stir until butter is melted. Season with salt.
Transfer rice to a platter and top with fish; pour any pan juices over.", The dish is very likely to be a chicken pot pie or chicken tenders.
salmon-burgers-with-ginger-and-pickled-cucumbers,../data/food_images/salmon-burgers-with-ginger-and-pickled-cucumbers.jpg,"Process one third of salmon (about 8 oz.) in a food processor, scraping down sides as needed, until very smooth and paste-like. Add remaining salmon and pulse until pieces are no bigger than ¼,"" 4–5 times (be careful not to make it too smooth). Transfer to a large bowl.
Remove dark green tops from scallions and finely chop. Thinly slice white and pale green parts and set aside. Add chopped scallion greens, ginger, garlic, 2 Tbsp. mayonnaise, and 1 tsp. salt to salmon and gently mix to combine. Form mixture into 4 patties about ¾"" thick. Transfer to a parchment-lined rimmed baking sheet and cover with plastic wrap. Chill at least 1 hour or up to 3 hours.
Meanwhile, mix sesame oil, 1 tsp. vinegar, remaining ⅔ cup mayonnaise, and a pinch of salt in a small bowl; set aside.
Toss cucumbers with a pinch of salt in another small bowl. Massage with your hands for a few minutes to soften and expel liquid; discard liquid. Add chile, sugar, and 2 tsp. vinegar and toss to coat. Cover and chill pickles until ready to assemble burgers.
Heat vegetable oil in a large nonstick skillet over medium-high. Remove salmon patties from refrigerator and sprinkle with flour just to coat the outside (you won’t need all of it). The patties will be a little loose but you can always pat them back together with your hands before they hit the pan. Working in batches and adding more oil in between batches if needed, cook patties until golden brown, about 3 minutes per side (watch carefully; you don’t want to overcook).
Toss herbs, watercress, sesame seeds (if using), reserved white and pale green parts of scallions, remaining 1 tsp. vinegar, and a pinch of salt in a medium bowl. Build burgers with buns, patties, herb mixture, pickles, and reserved sauce."," The dish is made of mushrooms and chicken, which are baked in the oven. The dish has a pinkish color, and you can see slices of the mushrooms and the chicken. The mushrooms are topped with lettuce, which is crispy and crispy, and the chicken is topped with a creamy dressing."
fish-tacos-al-pastor,../data/food_images/fish-tacos-al-pastor.jpg,"Bring guajillo and morita chiles and 1½ cups water to a boil in a medium saucepan. Cover, remove from heat, and let sit 30 minutes to allow chiles to soften.
Place fish in a large bowl or baking dish. Transfer chile mixture and soaking liquid to a blender. Add orange juice, achiote paste, 4 garlic cloves, ¼ cup lime juice, and 1 Tbsp. salt and purée until smooth, about 2 minutes. Set aside 1 cup chile sauce, uncovered, at room temperature for serving. Pour remaining sauce over fish and toss to coat. Cover and chill at least 1 hour and up to 3 hours.
Meanwhile, mix onion, habanero chile, pineapple, 3 Tbsp. cilantro, remaining finely chopped garlic clove, 3 Tbsp. lime juice, and 1½ tsp. salt in a medium bowl. Cover salsa and chill until ready to use.
Prepare a grill for medium-high heat; thoroughly clean grate and brush with oil. Working in batches if necessary, grill fish, leaving a few inches of space between each piece, until marinade is dried and beginning to char, about 2 minutes. Using a fish spatula, release fish from grate, turn, and continue to grill until charred on second side and flesh flakes easily with a fork, about 3 minutes more. Transfer to a cutting board and let rest 10 minutes.
Grill tortillas until just beginning to brown in spots, about 30 seconds per side. Top each tortilla with a piece of fish, then a schmear of reserved chile sauce, a spoonful of pineapple salsa, and some cilantro leaves. Serve with lime wedges for squeezing over.
Do Ahead: Pineapple salsa can be made 4 hours ahead. Keep chilled."," To cook this dish, pan fry it in a little oil and sauté until the browned. You can also add lime wedges to the pan fry."
nut-butter-granola-bars,../data/food_images/nut-butter-granola-bars.jpg,"Preheat oven to 350°F. Toast nuts pumpkin seeds on a rimmed baking sheet until golden brown or slightly darkened in color, 10–12 minutes. Transfer to a food processor and let sit until cool enough to handle.
Reduce oven temperature to 300°F. Lightly oil 13x9"" pan and line with parchment paper, leaving overhang on both long sides. Lightly oil parchment.
Add 1 cup oats to nut mixture in food processor and pulse until nuts are a sandy consistency and no whole oats remain. Transfer to a large bowl.
Pulse any dried fruit larger than a raisin in food processor (no need to wipe out) until about the size of chocolate chips. Transfer to bowl with nut mixture. Add remaining 1 cup oats and stir to combine, breaking up any fruit that is stuck together. Add remaining 3 Tbsp. oil and stir to coat. Add peanut butter, but don’t stir it in; set aside.
Bring honey, salt, and vanilla to a boil in a medium saucepan over medium heat (it will bubble up). Reduce heat to medium-low and simmer, stirring occasionally, until it is foaming vigorously and smells like caramel, about 3 minutes.
Immediately pour honey mixture over peanut butter in reserved bowl (it will melt the peanut butter). Stir to combine, making sure to aggressively break up any clumps.
Using a fork or small whisk, lightly beat egg white in a small bowl to thin out. Add to oat mixture and mix until egg white is no longer visible.
Scrape oat mixture into prepared pan and press firmly into an even layer. (Be sure to really compact the mixture into the pan—it helps to use the bottom of a heavy glass or metal measuring cup.)
Bake granola bars until deep golden brown and no longer sticky or wet, 30-35 minutes. Let cool 5 minutes, then lightly score into 16 long rectangles (1 cut lengthwise and 7 cuts crosswise will make bars that are about 6½x1""). Let cool completely in pan, then use parchment to hoist bars out onto a cutting board. Using a sharp chef’s knife, cut along marks to separate bars.
Do Ahead: Bars can be made 1 week ahead. Store airtight at room temperature.", The ingredients for this dish are not provided in the text.
zucchini-lentil-fritters-with-lemony-yogurt,../data/food_images/zucchini-lentil-fritters-with-lemony-yogurt.jpg,"Whisk yogurt, lemon juice, and sugar in a small bowl to combine. Season with salt.
Do Ahead: Yogurt can be made 1 day ahead. Cover and chill.
Rinse lentils, then soak in 2 cups water at room temperature at least 1 hour and up to 12 hours. (Soaking the lentils makes them tender and a lot easier to blend.)
Meanwhile, trim ends of zucchini and cut crosswise into 3 pieces about 2"" long. Cut each piece lengthwise into ¼""-thick planks. Stack a few planks and slice lengthwise into ¼""-thick matchsticks (about the size of a skinny french fry). Transfer zucchini to a colander set in a medium bowl. Add onion and 1 tsp. salt and toss to combine. Let sit until vegetables look wilted and softened and about 1 Tbsp. liquid has released into bowl, 30 minutes to 2 hours. Gently pat dry with paper towels to remove any excess moisture.
Drain lentils and transfer to a food processor. Add chile powder, turmeric, and ¾ tsp. salt. Pulse, scraping down sides, until a purée forms. Transfer to a medium bowl and add zucchini and onion, parsley, and lemon zest. Toss with a rubber spatula to combine.
Line a rimmed baking sheet with paper towels; set a wire rack inside. Heat ghee in a medium cast-iron skillet over medium-high until a pinch of batter added to the pan sizzles and sputters. Using a large spoon, scoop out about ¼ cup batter, then use a second large spoon dipped in the hot ghee to carefully scrape into pan; flatten with ghee-coated spoon. Repeat to make 3 more fritters. Fry until deep golden brown underneath, about 3 minutes. Turn over with a wide slotted spatula and fry until deep golden brown on the second side, about 3 minutes. Transfer fritters to prepared rack to drain; season immediately with salt. Repeat with remaining batter (you end up with 8–10 fritters total).
Transfer fritters to a platter. Serve with lemony yogurt alongside."," The dish is likely to be made with diced potatoes and carrots, and it can be cooked by seasoning it with herbs and salt."
fried-onions-topping,../data/food_images/fried-onions-topping.jpg,"Heat oil in a wok or frying pan over medium heat until hot enough to fry. Add one piece of onion to test the oil (it should begin to sizzle right away). Sauté onions for 15–20 minutes, until golden brown. Using a slotted spoon, transfer onions to a baking sheet lined with paper towels. Spread onions out to drain and cool.
Store in an airtight container for up to 7 days.", Peanuts are an ingredient in many dishes. It is often used to add flavor to dishes and may be served in a variety of ways.
sour-cream-and-onion-potato-salad,../data/food_images/sour-cream-and-onion-potato-salad.jpg,"Place potatoes in a large pot and pour in 3 qt. water to cover. Add 1 cup salt and bring water to a boil over medium-high heat. (Yes, this is a lot of salt, but it’s the right amount to ensure potatoes are seasoned through and through.) Reduce heat and simmer, adjusting heat as needed, until potatoes until fork-tender, 15–20 minutes. Scoop out ½ cup potato cooking liquid and set aside. Drain potatoes in a colander and let sit until cool enough to handle, about 10 minutes.
Meanwhile, combine sour cream, mayonnaise, onion powder, mustard, and pepper in a large bowl and mix well to combine. Add garlic and half of chives and mix just to incorporate.
Place red onion in a fine-mesh sieve and rinse for several seconds to take away some of its raw bite. Pat dry with paper towels. Mix half of onion into dressing; set aside remaining onion for serving.
Working one at a time, set potatoes on a flat surface and crush slightly with the palm of your hand. Add to bowl with dressing along with ¼ cup potato cooking liquid. Do this while the potatoes are still warm so that they can absorb all of the seasoning. Don't worry if the dressing looks a little loose and watery at the beginning—it will all get absorbed and become creamier as it sits. Taste and season with more salt or, if your dressing looks too thick, a splash of potato cooking liquid.
Top potatoes with remaining chives and reserved onion and crumble potato chips over.", Place the salad on a plate and use a fork to cook it.
chicken-mango-cobb-salad,../data/food_images/chicken-mango-cobb-salad.jpg,"Mix coriander, cumin, termeric, and red pepper flakes in a small bowl; set aside. Heat 2 Tbsp. oil in a large nonstick skillet over medium. Add garlic and cook, tossing occasionally, until golden brown all over, about 5 minutes. Increase heat to medium-high. Season chicken with kosher salt and add to skillet. Cook, tossing occasionally, until chicken is golden brown and nearly cooked through, about 3 minutes. Remove from heat and sprinkle reserved spice mix over. Toss several times to coat and let chicken sit in skillet until cooked through, about 1 minute longer. Transfer to a plate and let cool slightly.
Whisk lime juice and remaining 5 Tbsp. oil in a small bowl; season dressing with kosher salt.
Arrange lettuce, chicken, avocado, mango, onion, and tomatoes on a platter. Drizzle with dressing. Sprinkle with sea salt and red pepper flakes and scatter herbs over."," In the image, the dish is served on a round pink plate and is filled with fresh vegetables, beans, and cooked rice. The vegetables include romaine lettuce, broccoli, cauliflower, and carrots. The beans are dark green and seem to be diced or finely chopped. The rice is white and seems to be cooked or cooked in a rice cooker. The dish is served with a side of avocado and mixed avocado slices, which are cooked."
pork-meatballs-and-cucumber-salad,../data/food_images/pork-meatballs-and-cucumber-salad.jpg,"Place racks in upper and lower thirds of oven; preheat to 425°F. Place raisins in a small bowl and pour in hot water to cover; let sit until ready to use.
Place cucumbers in a colander or sieve set in or over a large bowl; sprinkle with 1 tsp. salt and toss to combine. Let sit while you make the meatballs. (It will seem like a lot of cucumbers at first, but they will shrink down as they drain.)
Meanwhile, drizzle 2 Tbsp. oil over a large rimmed baking sheet. Arrange pine nuts in an even layer on another rimmed baking sheet (use a quarter-sheet if you have one!).
Finely chop ¼ cup olives. Transfer to a large bowl and add egg, garlic, panko, parsley, 1½ tsp. salt, and ¼ tsp. red pepper flakes; season with black pepper. Drain raisins and add half to bowl; mix well to combine. Add pork and gently mix with your hands to incorporate. Working one at a time, scoop out heaping tablespoonfuls of pork mixture and form into balls (think about the size of a golf ball; you should get about 20). Arrange on oiled baking sheet, spacing 1"" apart. Turn to coat.
Bake meatballs, rotating baking sheet front to back halfway through, until browned on bottom and cooked through, 10–15 minutes. Toast pine nuts on bottom rack until golden brown, about 3 minutes.
Coarsely chop remaining ½ cup olives. Gather cucumbers into a clean kitchen towel and squeeze out any excess liquid into bowl (don’t worry if they get a little smashed); discard liquid. Wipe out bowl and combine cucumbers, olives, pine nuts, onion, herbs, and remaining raisins in bowl; toss to combine. Drizzle in vinegar and remaining 1 Tbsp. oil, season with salt and black pepper, and toss again to coat.
Swoosh a generous scoop of yogurt over each plate, then top with salad and meatballs. Season with more black pepper and red pepper flakes if desired.", You can cook this dish as a stir fry or in a pan.
frozen-avocado-cake-nadine-levy-redzepi,../data/food_images/frozen-avocado-cake-nadine-levy-redzepi.jpg,"Preheat the oven to 350°F (180°C). Lightly butter the inside of a 9-inch (23-cm) springform pan.
Make the crust: Crumble the crackers and cookies into a medium bowl. Use a pestle or the bottom of a heavy bottle to crush them into fine crumbs. Add ⅓ cup (75 ml) of the condensed milk and stir until very well combined. (You can grind the crumbled graham crackers and mix them with the condensed milk in a food processor if you prefer.) Press the crumb mixture firmly and evenly into the bottom of the pan. Bake until the crust looks a little darker and smells sweet and toasty, 12 to 15 minutes. Cool the crust in the pan on a wire rack.
One at a time, cut an avocado in half lengthwise. Twist the halves to separate them. Hold the half with the pit in one hand. Holding the knife in your other hand, rap the knife blade into the pit to lodge it there. Twist the knife to loosen and remove the pit. Use a large spoon to scoop the avocado flesh onto a chopping board, discarding the skins. Coarsely chop the avocados.
Add the chopped avocados, cream cheese, remaining condensed milk, and salt to a food processor. (You can combine the filling in a blender instead but you may need to work in batches.) Grate the zest of 1 lemon and set aside. Squeeze the zested lemon and the limes (you should have about ⅓ cup/75 ml lemon), reserving the remaining lemon for garnish. Add the juice to the avocados and process the mixture until smooth, scraping down the sides of the bowl as needed.
Spread the filling in the cooled crust and sprinkle with the grated lemon zest. Cover the pan and freeze until the filling is firm, at least 6 hours or preferably overnight.
Let the frozen cake stand at room temperature for 15 to 30 minutes before slicing. Dipping a thin knife into hot water between each cut, slice the cake into wedges and serve, topping each serving with freshly grated lemon zest."," It does not contain any tomatoes, olives, or other vegetables. It is a vegan and vegetarian option. It is not creamy or sticky. It is not covered in sauce."
chocolate-zucchini-cake-907,../data/food_images/chocolate-zucchini-cake-907.jpg,"Preheat oven to 325°F. Butter and flour 13 x 9 x 2-inch baking pan. Sift flour, cocoa powder, baking soda and salt into medium bowl. Beat sugar, butter and oil in large bowl until well blended. Add eggs 1 at a time, beating well after each addition. Beat in vanilla extract. Mix in dry ingredients alternately with buttermilk in 3 additions each. Mix in grated zucchini. Pour batter into prepared pan. Sprinkle chocolate chips and nuts over.
Bake cake until tester inserted into center comes out clean, about 50 minutes. Cool cake completely in pan.", Please add the chocolate sauce.
swiss-chard-pasta-with-toasted-hazelnuts-and-parmesan,../data/food_images/swiss-chard-pasta-with-toasted-hazelnuts-and-parmesan.jpg,"Add the hazelnuts to a small skillet over medium heat. Toast them slowly, shaking the pan often, until lightly browned, 8 to 10 minutes. Remove them from the skillet, and when they are cool enough to handle, roughly chop the nuts.
Bring a large pot of salted water to a boil and cook the pasta until al dente. Drain it, reserving 1/2 cup of the cooking liquid and add it to a large bowl.
In a large skillet, heat the butter over medium-low heat. Once the butter begins to foam, add the garlic and use a wooden spoon to stir the mixture constantly until the butter begins to brown and have a slight nutty aroma, about 5 minutes. Add the salt, black pepper, and red pepper flakes. Give the mixture a good stir, and then set it aside to infuse for about 5 minutes longer away from the heat.
Pour the butter mixture (scraping the garlic, salt, pepper, and red pepper flakes) all over the warm pasta. If the pasta feels a bit dry, add a touch of the reserved cooking liquid. Toss to combine and set aside.
Set the same skillet (without cleaning it) over medium-high heat. Add the chard stems and cook for 5 minutes. Add the chard leaves and continue to cook, tossing the mixture every so often, until the greens begin to wilt and turn bright green, 3 to 5 minutes longer. Add a touch more butter or oil to the pan if it dries out too much.
Add the Swiss chard and hazelnuts to the pasta and toss it all together. Add the Parmesan shavings and the balsamic vinegar (if you’re using it); toss. Taste for seasonings and add more salt and pepper if needed.
Serve warm or at room temperature.
Localize it: You can use kale instead of chard, and any nut will work in place of the hazelnuts. Fresh out of balsamic vinegar? Red wine vinegar or freshly squeezed lemon juice will work.", Add water and cook until the pasta is firm.
sweet-corn-frittata-with-cherry-tomato-compote,../data/food_images/sweet-corn-frittata-with-cherry-tomato-compote.jpg,"Heat the oil in a medium-sized skillet over medium heat. Add the garlic and cook, stirring often, for about 1 minute. Add the tomatoes and cook, stirring occasionally, for about 2 minutes longer. Pour in the wine and cook until the wine is reduced by about half. Add the basil, salt, and pepper and continue to cook, stirring occasionally, until the tomatoes burst and become fragrant, 5 to 8 minutes. Remove from the heat and set aside the tomatoes in a bowl.
Position an oven rack about 3 inches from the top and preheat the broiler.
In a 10-inch cast-iron skillet over medium, heat 1 tablespoon of the cooking fat. Add the diced white part of the scallions and the minced garlic and cook, stirring often, until fragrant, about 3 minutes. Add the potato and continue to cook, stirring occasionally, until the potato softens, about 10 minutes. Add the corn and continue to cook for about 2 minutes longer.
In a large bowl, whisk together the eggs, red pepper flakes, and half the feta cheese. Pour the egg mixture over the veggie mixture in the skillet and top with the remainder of the cheese. Stir in the potato mixture and the scallion greens.
Wipe out the skillet and, over medium-high, heat the remaining 1 tablespoon of cooking fat. Cook the frittata, lifting up the cooked egg around the edges with a rubber spatula to let the uncooked eggs flow underneath, 2 to 3 minutes. Reduce the heat to medium and cook, giving the pan a shake now and again, until the eggs are mostly set but the center is still slightly jiggly, 3 to 5 minutes more.
Transfer the frittata to the oven and broil until the top is golden brown, 2 to 3 minutes (keep a close eye on the frittata, as it can easily burn). Serve topped with the tomato compote."," I assume the dish requires cooking on a gas stove, but the cooking directions are not mentioned in the image."
tomato-pie-sour-cream-crust,../data/food_images/tomato-pie-sour-cream-crust.jpg,"Preheat the oven to 375°F.
In a large, wide bowl, combine the flour, salt, and parsley. Add the butter pieces and, using a pastry blender or your fingertips, cut them up and into the flour mixture until it resembles little pebbles. Keep breaking up the bits of butter until the texture is very coarse.
In a small dish, whisk together the sour cream, vinegar, and water, and combine it with the butter-flour mixture. Using a spatula or wooden spoon, stir the wet and the dry together until a shaggy dough forms. If needed, get your hands into the bowl to knead it a few times into one big ball. Pat the dough into a disk, wrap it in plastic, and chill it in the fridge for 1 hour or up to 2 days.
In a large skillet over medium, heat 1 tablespoon of the cooking fat. Add the onion and cook, stirring, until golden, about 15 minutes. Let cool.
Meanwhile, thinly slice the tomatoes; toss them with 1 teaspoon salt and let them drain in a colander for 30 minutes, tossing them occasionally.
In a bowl, combine the cheeses, mayo, 2 tablespoons each of the chopped basil and parsley, the thyme, a hefty pinch each of salt and pepper, and the sautéed onion.
Sprinkle a little flour in the bottom of a 10-inch well-seasoned cast-iron skillet. Set it aside.
On a lightly floured surface, roll the dough into a 13-inch circle. Fit it into the prepared skillet, allowing the edges to extend over the sides of the pan.
Spread the cheese mixture evenly over the bottom of the dough. Arrange the tomatoes on top. Gently fold the overhanging pie crust over the tomatoes. It doesn’t have to be perfect.
Drizzle the pie with the remaining 1 tablespoon cooking fat and season with pepper. In a small bowl, whisk together the beaten egg and milk. Brush the crust with this egg wash, place the cast-iron pan on a rimmed baking sheet (to protect the bottom of your oven from any overflowing filling), and bake the pie until the tomatoes are browned, 50 to 60 minutes. Top the pie with the remaining 1 tablespoon each basil and parsley.
Localize it: Swap out any of the herbs or cheeses. The Manchego in this recipe is salty, and the mozzarella melts really well, so just keep that in mind when you’re doing your swaps."," In this image, the subject is a dish of baked bread, topped with tomatoes. The bread is dark in color and appears to be baked. The tomatoes are sliced diagonally into triangles, suggesting they are fresh. The dish is placed on a dark background marble-like surface, which contrasts nicely with the baked bread."
pork-chops-and-padron-chiles-en-escabeche,../data/food_images/pork-chops-and-padron-chiles-en-escabeche.jpg,"Season each pork chop all over with 1 tsp. salt and let sit at least 1 hour or chill on a wire rack set inside a rimmed baking sheet, uncovered, up to 2 days.
Preheat oven to 425°. If pork chops have been chilling in the fridge, let sit at room temperature while you make the escabèche.
Finely grind coriander seeds in a spice mill or with a mortar and pestle; set aside. Heat a dry large skillet over high. Add chiles in a single layer and cook, turning with tongs or a large spoon, until evenly blistered on all sides and deeply browned in spots, 5–7 minutes. Transfer chiles to a small pot; reserve skillet. Add red onion, garlic, carrots, red wine vinegar, sherry vinegar, honey, paprika, reserved ground coriander, 4 Tbsp. oil, remaining 4 tsp. salt, and 2 Tbsp. water to pot. Set over low heat, cover, and bring liquid to a gentle simmer. Cook, stirring vegetables often to keep submerged, until just-cooked through and still al dente, about 10 minutes. Remove escabèche from heat and stir in oregano.
Heat remaining 1 Tbsp. oil in reserved skillet over high. Arrange pork chops in pan so bone ends are in the center (this part cooks slower and this will help with even browning) and press down on pork chops with tongs to ensure surface is making good contact with the pan. Cook until golden underneath, about 3 minutes. Turn pork chops over and press down on them again. Transfer to oven and roast until an instant-read thermometer inserted into the thickest part registers 130° for medium (you should still have a little pink flesh; temperature should rise to about 145° when the pork chops rest), 5–7 minutes. Transfer pork chops to a cutting board and let rest 10 minutes.
To serve, transfer pork chops to plates and spoon escabèche over.
Do ahead: Escabèche can be made 2 weeks ahead. Transfer to an airtight container and let cool. Cover and chill.", I am unable to provide a more specific answer as I am not able to cook or taste the food.
doenjang-jjigae-fermented-soybean-stew-my-korea,../data/food_images/doenjang-jjigae-fermented-soybean-stew-my-korea.jpg,"Put the dashi in a stockpot or other large pot set over medium-high heat and bring to a simmer. Whisk in the doenjang and cook for 10 minutes to bring out its natural sweetness. Add the gochujang and simmer for 5 minutes. Add the gochugaru, garlic, and soy sauce and simmer for another 10 minutes.
Add the onions and simmer for 5 minutes. Add the zucchini and simmer for 5 minutes. (Adding the vegetables at different times will ensure that they will all be fully cooked at the end.) Add the chili peppers, beef, and tofu and simmer for 5 minutes. Taste and adjust the seasoning with more soy sauce if necessary.
Remove the pot from the heat, add the scallions, put on the lid, and let the stew rest for at least 30 minutes, and up to 2 hours, before serving. Serve with steamed rice and your favorite banchan, as any and all pair well with this stew."," Boil the tofu in the pot until it is done, then add water and cook until it becomes a smooth consistency. Add the soy sauce, garlic, ginger, and onions, and stir to combine. Use a wooden spoon to stir, and stir until all ingredients are dissolved. Add the sugar, and then stir to combine."
dakgangjeong-korean-sweet-crunchy-fried-chicken-maangchi,../data/food_images/dakgangjeong-korean-sweet-crunchy-fried-chicken-maangchi.jpg,"Mix the chicken pieces, salt, and black pepper in a large bowl. Transfer to a large zipper-lock bag, add the potato starch, close the bag, and mix well by flipping the bag over and back again until the chicken is well coated.
Place a large mesh strainer over a bowl.
Heat 2 inches vegetable oil in a large, deep pan or wok over medium-high heat until it reaches about 340°F, 8 to 10 minutes. If you don’t have a thermometer, test it by dipping a tip of a chicken piece into the oil. If it bubbles, it’s ready. Carefully add the chicken to the oil one piece at a time, working in batches to avoid overcrowding.
Deep-fry, turning the chicken with tongs, until all sides are light golden brown and crunchy, 10 to 12 minutes. As each piece is done, transfer it to the strainer. Once the chicken has drained, transfer it to a large bowl. Repeat with the rest of the chicken, making sure to bring the oil back up to 340°F between batches.
Return the oil to 340°F over high heat and carefully add all the chicken—there’s no need to work in batches this time. The chicken will look a little soggy at first. Deep-fry, turning occasionally, until all the chicken pieces are dark golden brown and very crunchy, another 10 to 13 minutes. Transfer the chicken pieces to the strainer or a rack to drain, then place in a large bowl.
If using the peanuts, place them in a slotted spoon or a small mesh strainer, carefully dip them into the hot oil, and fry for 15 to 30 seconds, just until light golden brown. Transfer to a small bowl.
Mix the rice syrup, soy sauce, sugar, vinegar, and mustard in a small bowl.
Heat a large pan or wok over medium-high heat. Add the oil, garlic, ginger, and chili peppers and stir for 30 seconds to 1 minute, until the garlic is a little crispy and fragrant. Add the soy sauce mixture and stir. Let it bubble for 2 to 3 minutes, until the mixture is shiny and a little sticky. Remove from the heat if not using right away and reheat until bubbling when ready to finish the chicken.
Add the chicken and peanuts (if using) to the bubbling sauce and toss with a wooden spoon to coat nicely. Sprinkle with the toasted sesame seeds and a few teaspoons crushed red pepper flakes (if using). Transfer to a large plate or platter and serve. The chicken will remain crunchy for several hours if left at room temperature, or you can cover and refrigerate it for up to 3 days.", Fried.
spicy-pork-belly-sliders-jeyuk-bokkeum-hooni-kim,../data/food_images/spicy-pork-belly-sliders-jeyuk-bokkeum-hooni-kim.jpg,"To make the marinade, put the onion, gochujang, soy sauce, garlic, sugar, sake, mirin, and sesame oil in a bowl and mix well to combine. Add the pork and turn to coat the meat. Cover and refrigerate overnight.
The next day, set a large sauté pan over medium heat. Once it’s hot, add the pork, working in batches so as not to overcrowd the pan and leaving any liquid in the bowl. Cook, stirring occasionally and flipping the meat, until lightly caramelized and golden brown on both sides, about 10 minutes. (If you overcrowd the pan, the meat will steam instead of sear.) Transfer to a platter.
When the meat is cooked, open the buns, butter the interiors, and toast them until they are a light golden brown.
To serve, spread both cut sides of each bun with a healthy smear of mayo and pile the spicy pork generously on the bottoms of the buns. Top with the sliced cucumbers. Serve immediately.
The pork belly must be marinated overnight. You can also grill the pork on an outdoor grill over a high flame. The sugars in the marinade will char and caramelize, giving you a more interesting texture and flavor, but be careful not to burn the pork."," Chives are served on the plate and the image does not specify the method of cooking, only that it is served on the plate."
thai-muslim-style-grilled-chicken,../data/food_images/thai-muslim-style-grilled-chicken.jpg,"Spatchcock chicken the Thai way by placing it breast side up on a large cutting board. Using a sharp, heavy knife and working just to the side of the center of the breast, cut down through to the breastbone (do not cut all the way through to the backbone). Now that the path has been created, use the same knife—or, easier, a sturdy pair of kitchen scissors—to make a clean cut all the way through the breastbone and anything else that is still connecting the 2 sides of the breast together. Open up chicken and turn skin side up. Press down on chicken to flatten. Pat thoroughly dry.
Grind peppercorns in a spice mill or a mortar and pestle. Transfer to a food processor or leave in mortar and pestle and add garlic, cilantro roots, brown sugar, fish sauce, turmeric, salt, coriander, cumin, and cardamom and process or pound until smooth. Coat chicken completely in marinade, pressing to adhere and working into nooks and crannies. Place in a large bowl and cover with a plate. Let chill at least 12 hours and up to 24 hours.
Let chicken sit at room temperature 1 hour before grilling or baking.
Purée pineapple and vinegar in a food processor or blender until smooth. Transfer to a small saucepan and add garlic, jalapeños, granulated sugar, salt, and pepper. Bring to a boil over medium heat, then reduce heat so sauce is at a simmer and cook until thick and smooth (consistency should be similar to cocktail sauce), about 5 minutes.
Grind saffron to a fine powder in a spice mill or a mortar and pestle. Transfer to a small saucepan and add granulated sugar, salt, and ¼ cup water and cook over medium heat just until heated through and small bubbles appear around the edges of the pan. Whisk in coconut oil and remove from heat.
If using a grill, prepare a grill for medium-high indirect heat (for a charcoal grill, bank coals on one side of grill; for a gas grill, leave one or two burners off); oil grate. Arrange chicken, skin side up, on cooler part of grill. Close lid and grill, rotating chicken but keeping skin side up every 5–10 minutes, until skin looks dry and golden brown and an instant-read thermometer inserted into thickest part of breast and thighs registers 130°–140°, 35–40 minutes. If using charcoal and your coals are dying, start a new chimney of coals 15 minutes before this point so you are ready for the next step.
Uncover grill and increase heat to high (add more coals for a charcoal grill). Brush one fourth of basting liquid over skin and turn chicken over, positioning over direct heat on the hot side of the grill. Grill, brushing half of remaining basting liquid over bone side of chicken, until skin is browned and lightly charred in spots, about 3 minutes. (Watch carefully as this can happen quickly.) Turn chicken over and return to cooler side of grill. Brush skin with remaining basting liquid. Cover grill and continue to grill chicken until thermometer inserted into thickest part of breast registers 160° and thickest part of thighs registers 165°, 10–15 minutes longer.
If using an oven, place a rack in bottom third of oven and preheat to 350°. Place chicken, skin side up, on a wire rack set inside a rimmed baking sheet. Brush one third of basting liquid over skin. Bake, rotating baking sheet every 10 minutes, until an instant-read thermometer inserted into thickest part of breast and thighs registers 130°–140°, 35–40 minutes.
Increase oven temperature to 450°. Brush remaining basting liquid over skin and continue to bake, rotating baking sheet halfway through, until skin is crisp and charred and thermometer inserted into thickest part of breast registers 160° and thickest part of thighs registers 165°, 10–15 minutes longer.
Transfer chicken to a cutting board and let rest at least 15 minutes. Carve up further as desired.
Top dipping sauce with cilantro. Serve chicken with rice and dipping sauce alongside.
If you cook the chicken in the oven, using the dhungar method to perfume the finished chicken with the scent of smoky ghee is highly recommended.", I would use a non-stick pan or Dutch-brake to cook the chicken.
fresh-fruit-berry-tart-with-almond-press-in-crust,../data/food_images/fresh-fruit-berry-tart-with-almond-press-in-crust.jpg,"Place a rack in the middle of oven; preheat to 350°F. Whisk egg yolks and 1 Tbsp. cold water in a small bowl to combine.
Whisk all-purpose flour, almond flour, sugar, and salt in a medium bowl. Add butter and rub and smash into dry ingredients with your fingers to create large, shaggy pieces (you want some pieces that are flat and thin and some that are large and irregular).
Drizzle egg yolk mixture over flour and, using a fork or your fingers, toss into dough to incorporate. Knead dough in bowl until it starts to come together (it will still look a little dry; although, if it looks too dry and doesn't come together, add 1–2 Tbsp. more water, but only if needed).
Turn dough out onto a clean work surface and knead 1 or 2 more times. Divide dough in half, stack pieces, and press down firmly to smash together. Repeat process until dough is well combined and becomes slightly sticky, 2—3 more times. Press dough into bottom and 1"" up sides of pan and prick all over with a fork. Freeze until very firm, 20–30 minutes.
Bake crust until deep golden brown all over, 35–40 minutes. Let cool.
Do Ahead: Crust can be baked 2 days ahead. Store tightly wrapped at room temperature.
Bring milk and vanilla paste to a simmer in a medium saucepan over medium-high heat. Remove from heat.
Meanwhile, whisk egg yolks, sugar, cornstarch, and salt in a medium bowl, starting slowly—it won’t want to combine easily at first—then vigorously whisk until mixture is very pale yellow and very thick, about 1 minute (the sugar should be nearly dissolved at this point). Whisking constantly, gradually add hot milk mixture. Return custard base to saucepan and bring to a simmer over medium heat, whisking constantly. Simmer, still whisking constantly, until custard is thickened and has no cornstarch taste, about 3 minutes.
Remove custard from heat and add butter a couple of pieces at a time, whisking until fully melted before adding more, until all of the butter is incorporated. Transfer to a medium bowl and cover with plastic wrap, pressing directly against surface. Let cool.
Vigorously whisk custard until smooth and slightly loosened. Scrape into crust and smooth surface. Top with berries.
Do Ahead: Custard can be made 4 days ahead. Keep chilled."," The blackberry pie is a perfect dessert to enjoy. It is made with fresh blackberries, blueberries, and fresh raspberries. It is typically served with whipped cream and a topping of fresh whipped cream and fresh blueberries. The pie is served on a black ceramic plate."
coconut-rice-leela-punyaratabandhu,../data/food_images/coconut-rice-leela-punyaratabandhu.jpg,"To make the rice, which is best done in a rice cooker, put the rice in a fine-mesh sieve or colander and rinse under cold running water until the water runs clear. Transfer the rice to a rice cooker, add the coconut milk, water, sugar, and salt, and stir to combine. Cover the rice cooker and turn it on.
As soon as the rice cooker turns itself off, uncover, pour the coconut cream evenly over the top of the rice (do not stir it in), and replace the lid. Keep the rice warm until serving."," Cook rice, vegetables, and then mash the potatoes to make a mashed potato."
peach-and-sesame-crumble,../data/food_images/peach-and-sesame-crumble.jpg,"Place a rack in top third of oven; preheat to 375°F. Toast sesame seeds on a rimmed baking sheet, tossing halfway through, until golden brown, 12–15 minutes. Immediately transfer to a large bowl.
Meanwhile, finely grate zest from lemon into a medium bowl; set aside. Place peaches in a 13x9"" baking dish. Halve lemon and squeeze 1 Tbsp. juice over peaches, then sprinkle ⅓ cup sugar and ¾ tsp. salt over. Toss to gently combine, then let sit while you prep the topping, at least 20 minutes.
Add flour and remaining 1¼ cups sugar and 1 tsp. salt to bowl with sesame seeds. Whisk to combine.
Add butter and cinnamon to bowl with lemon zest. Microwave until butter is melted, about 1 minute. (Or, if you don't have a microwave, melt butter with cinnamon and lemon zest in a small saucepan over medium.) Whisk in tahini and oil.
Scrape tahini mixture into dry ingredients and mix until incorporated (mixture should hold together when squeezed in your hand).
The peaches should look juicy at this point. Add 1 tsp. cornstarch. If they’re really juicy, add another 1 tsp. Gently toss to combine. (If your peaches happen to be not-so-ripe and aren't juicy, don't add any cornstarch.)
Squeeze topping into big clumps, then break off uneven pieces and scatter over peaches.
Bake crumble until topping is well browned and firm, peaches are tender, and juices are bubbling, about 1 hour. Let cool slightly.
Divide crumble among shallow bowls and add a scoop of ice cream if desired.", Cook it until it is creamy and ice-cream colored.
pear-and-hazelnut-frangipane-tart-105747,../data/food_images/pear-and-hazelnut-frangipane-tart-105747.jpg,"Preheat oven to 350°F.
Pulse hazelnuts with 1/4 cup sugar in a food processor until finely ground, then add flour and pulse to combine.
Beat together butter and remaining 1/4 cup sugar with an electric mixer at moderately high speed until pale and fluffy. Add eggs 1 at a time, beating well after each addition, then beat in extracts. Reduce speed to low and mix in nut mixture until just combined.
Spread frangipane filling evenly in tart shell. Peel, halve, and core pears, then cut lengthwise into 1/4-inch-thick slices, holding slices together to keep pear shape intact. Arrange pears decoratively on filling, fanning slices slightly. Bake until pears are golden and frangipane is puffed and golden brown, 30 to 40 minutes. Brush pears (not filling) with preserves and cool tart completely in pan on rack, then remove side of pan."," Peach tarts can be cooked in a glass oven or a pan. There are various techniques for baking tarts, such as those that involve baking the tarts in a pie dish, cooking them in a pan, or baking them in a tray. In addition, the technique of using a stovetop to cook the tarts is also popular."
melted-broccoli-pasta-sheela-prakash,../data/food_images/melted-broccoli-pasta-sheela-prakash.jpg,"Bring a large pot of salted water to a boil over high heat. Add the broccoli florets and cook until bright green and crisp-tender, 2 to 3 minutes. Using a slotted spoon, transfer the broccoli to a large bowl.
Add the pasta to the boiling water and cook for 1 minute less than the package instructions for al dente, about 9 minutes.
Meanwhile, toast the bread crumbs. Heat 1 tablespoon (15 ml) of olive oil in a large, high-sided sauté pan or skillet over medium heat. Add the breadcrumbs and sauté until the crumbs are golden brown and crisp, 4 to 5 minutes. Transfer to a small bowl and set aside.
Pour the remaining 2 tablespoons (30 ml) of olive oil into the pan. Add the anchovies and sauté until they disintegrate, about 1 minute. Add the capers, garlic, and red pepper flakes. Sauté until fragrant, about 1 minute, and remove from the heat.
When the pasta is ready, reserve 1½ cups (360 ml) of pasta water with a measuring cup, then drain the pasta. Add the broccoli and reserved pasta water to the pan and bring to a simmer. Continue to simmer, using a wooden spoon to break the florets into small pieces as they become more tender, until the water is reduced by about half and you've been able to break apart enough florets that you're left with a very chunky mixture, 5 to 7 minutes.
Add the pasta to the pan. Cook, tossing and stirring, until the pasta is al dente and the sauce thickens and coats the pasta, 1 to 2 minutes. Remove from the heat, add half the toasted bread crumbs, and toss again to combine. Serve garnished with the remaining toasted bread crumbs."," Heat olive oil in a small pan or pot over medium heat. Add some garlic cloves, olive oil, garlic, and onion to the pan. Add some chopped fresh celery and cook until tender. Add some chopped fresh carrots and mix in. Stir in some chopped fresh celery and green onions. Season with salt, pepper, and garlic powder. Add some chopped fresh chives. Drizzle with extra olive oil over the dish. Serve with a side of your choice."
my-korea-dashi-hooni-kim,../data/food_images/my-korea-dashi-hooni-kim.jpg,"Put the water, dashima, shiitake mushrooms, and anchovies in a covered stockpot or other large pot and let stand at room temperature overnight, or for 8 to 12 hours.
Remove the lid, set the pot over high heat, and heat until the surface of the water begins to ripple; pay attention, and do not let it come to a boil. Lower the heat to maintain a very gentle simmer (the ideal temperature is a few degrees below a light boil) and simmer for 80 to 90 minutes. Taste the dashi every 20 minutes to monitor the changes in flavor and texture. You will notice the texture becoming softer. I describe it as having a slippery, slightly viscous texture compared to tap water. The sea flavor will become stronger, and the dashi will become darker, like pale Earl Grey tea. The sweetness will take a while to appear, but when it does, the dashi is almost ready. When you can taste the sweetness and deep sea flavors, and the dashi has a very soft texture, it is done. Be vigilant, because dashi will become bitter if cooked too long.
Strain the dashi into a covered container and store in the refrigerator for up to 2 days. After 24 hours, the dashi will begin to lose some of its flavor and it will turn slightly flat.
It’s best to use dashi the same day you make it, though if you keep it refrigerated, you can use it for another day or two. By the third day, it will no longer taste fresh.
Vegetarians can make a dashi from just dashima and dried shiitakes.", Shall I add a knob to the sauce?
ginger-and-tamarind-refresher-nik-sharma,../data/food_images/ginger-and-tamarind-refresher-nik-sharma.jpg,"Bring 1½ cups (360 ml) of the water to a boil. Put the tamarind pulp in a heat-proof nonreactive bowl, and cover with the boiling water. Cover and let sit for about 1 hour, until the pulp has become soft and mushy. Using a small potato masher or clean hands, massage and squeeze the block to soften the pulp. Strain through a fine-mesh strainer suspended over a medium bowl, pressing the pulp through the strainer with a large spoon. Discard the seeds and other solids left behind. Refrigerate the tamarind extract in an airtight container in the refrigerator until ready to use, for up to 4 days.
Rinse the ginger and gently scrub to remove any traces of dirt. If the ginger is young, with a thin skin, leave the skin on. Otherwise, peel. Cut into thin slices. In a medium saucepan, combine the ginger, sugar, and remaining 1 cup (240 ml) water. Bring to a boil over medium-high heat and immediately remove the saucepan from the heat. Cover and steep for 10 minutes. Strain the ginger simple syrup through a fine-mesh strainer and discard the ginger.
In a large pitcher, mix the tamarind extract and the ginger simple syrup together. Fill eight tall glasses with ice. Pour 4 oz (120 ml) of the tamarind-ginger syrup into each glass, top with 4 oz (120 ml) of the club soda or chilled water, and stir. Store any remaining tamarind-ginger syrup in an airtight container in the refrigerator for up to 1 week.
This rejuvenating drink combines the mild heat of young ginger and the sourness of tamarind. It’s wonderful during the warmer months. Young ginger requires no peeling before use because its outer skin is so thin. I recommend using South Asian tamarind, which is a lot more sour than the Mexican variety. Look for it in Asian and Indian markets."," The dish is made of a fruit salad, and it can be cooked in a variety of ways. Here are a few suggestions: 1) Make sure all the fruits are fresh, and that the mixture is not too dry. 2) You can use a lemon or lime juice and a small serving of the fruit salad. 3) In a small bowl, pour the mixture. 4) If you are not sure how to make a lemon/lime juice, you could use a lemon or lime juice and a small serving of the fruit salad. If you are unsure, add the mixture to the lemon or lime juice and mix well. 5) If you want to make a lemon/lime juice, you can use a grapefruit or an orange for the juice."
sumac-and-saffron-refresher-nik-sharma,../data/food_images/sumac-and-saffron-refresher-nik-sharma.jpg,"Grind the saffron with 2 Tbsp. of sugar to a fine powder using a mortar and pestle.
In a medium saucepan over medium-high heat, combine 1 cup (240 ml) water, sugar, cardamom, and powdered saffron mixture and bring to simmer, stirring until the sugar dissolves. Remove from the heat and stir in the sumac. Cover the saucepan with a lid and let it steep for 30 minutes, no more. Strain the liquid through a fine mesh strainer over a medium bowl and chill before ready to serve.
To serve, fill four tall glasses with ice. In a large pitcher, stir the syrup with the chilled club soda or water. Pour 1 cup (120 ml) of the drink into each glass. Garnish each glass with 1 or 2 saffron strands. Store any leftovers in an airtight container in the refrigerator for up to 1 week.
Sumac is rich in citric, malic, and tartaric acids but also bitter tannins. Steeping it in water dissolves the water-soluble acids. Gallotannin, one of the main tannins present in sumac, is bitter to taste and dissolves in water easily. Avoid steeping the sumac for too long or its tannins will make the syrup bitter. Saffron is ground to a fine powder using a little sugar as an abrasive. Grinding saffron increases the amount of color and flavor extracted than would be achieved if the strands were used directly. Club soda if used, adds a second note of acidity from the carbonic acid as well as the crackling sound of bubbles that create a sensation via chemesthesis."," To cook this dish, it's best to ask a local cook to help you with any questions you have."
peanut-butter-brookies-edd-kimber,../data/food_images/peanut-butter-brookies-edd-kimber.jpg,"Preheat the oven to 180°C (350°F), Gas Mark 4. Lightly grease a 13x9"" baking tin and line with a piece of parchment paper that overhangs the two long sides. Secure in place with metal clips.
For the peanut butter cookie layer, mix the peanut butter and brown sugar together in a large bowl for a couple of minutes until combined and slightly lightened. Add the egg and egg yolks and beat together for a further 2–3 minutes. Add all the remaining ingredients (reserving 3 tablespoons of the peanuts for sprinkling over later) and gently mix together to form a uniform cookie dough. Spread the cookie dough in an even layer in the prepared tin, then set aside.
For the brownie layer, add the butter and cocoa to a small saucepan over a medium heat, stirring constantly, until melted and smooth. Remove from the heat and set aside. Place the sugars, salt, vanilla and eggs in a large bowl and whisk together with an electric mixer for 2–3 minutes or until slightly thickened and pale. Pour in the melted butter mixture, mixing briefly until combined, then fold in the flour. Pour the batter over the cookie layer and spread into an even layer, then sprinkle over the reserved peanuts.
Bake for about 25–30 minutes, or until a skewer inserted into the middle comes out with a few moist crumbs.
Leave the brookies to cool completely in the tin, before using the parchment paper to lift them from the tin and cutting into squares.Store in a sealed container for 3–4 days."," To cook this type of cake, you want to cook it until it is golden brown and fluffy, then bake it until it is golden brown and fluffy."
tacos-de-gobernador-shrimp-poblano-and-cheese,../data/food_images/tacos-de-gobernador-shrimp-poblano-and-cheese.jpg,"Warm 3 teaspoons of the oil in a frying pan over medium-low heat. Add the onion and cook for 5 minutes, stirring gently. Add the garlic and continue to cook for 3 minutes. (If, at any time during the cooking process, the items in the pan dry out at all, deglaze the pan with some lime juice, scraping up the browned bits with a wooden spoon, and continue.) Turn the heat to medium and add the chiles. Cook for 10 minutes, or until the chiles are thoroughly cooked.
At this point, warm a separate frying pan over medium heat and add the remaining 1 teaspoon oil. Interleaved with finishing the rest of the recipe, heat each tortilla in the oil-coated pan for about 20 seconds per side, just long enough to make them the slightest bit golden but still pliable, and put between two towels to stay warm and wick away any excess oil.
Once the chiles have cooked for 10 minutes, pour the lime juice on the ingredients in the pan. Add the diced bacon to the pan and turn the heat to medium-high. When the pan has heated up and the bacon has started to turn color, add the shrimp and use the salt to season everything in the pan. Cook for 2 to 3 minutes, stirring and flipping the shrimp as necessary to cook them evenly. The shrimp should be bright pink and white and opaque. If they are still translucent, cook them a little longer.
Sprinkle the cheese over everything in the pan and turn the heat to low. Continue stirring until the cheese is melted. Remove the pan from the heat. Distribute the cheesy shrimp mixture equally among the tortillas, making a plate full of tacos. Serve along with the lime wedges and red salsa, if desired."," The dish can be cooked by boiling, steaming, or microwaving it."
kimchi-toast,../data/food_images/kimchi-toast.jpg,"Mix cream cheese and ¾ cup kimchi in a medium bowl.
Toss scallions and cilantro in a small bowl to combine. Squeeze in juice from lime, season with salt, and toss again.
Smear kimchi cream cheese over each slice of bread. Top with scallion salad and more kimchi (if using). Drizzle with chili oil; sprinkle with sesame seeds.", Add soy sauce and serve.
buttered-tomatoes-with-ginger,../data/food_images/buttered-tomatoes-with-ginger.jpg,"Trim dark green tops from scallions and thinly slice; set aside for serving. Finely chop remaining white and pale green parts. Heat butter in a large skillet over medium. Add white and pale green parts of scallions and ginger and cook, stirring often, until fragrant, about 1 minute.
Add tomatoes and cook, turning gently with a spoon, until juicy and just warmed through, about 2 minutes. Add soy sauce and toss to combine. Taste and season with kosher salt if needed. Top with reserved scallion greens.
Spoon tomatoes over toast and sprinkle with more salt if desired."," In the image, there is a Panini Stove and a panini with a slice of pizza, beside which lies a piece of fried potato, and another slice of bread on a cutting board. The pizza appears to be topped with tomatoes and bell peppers, as indicated by the toppings. The panini is cut into two pieces, one of which has a slice of cheese on top. The pizza on the cutting board is topped with a tomato sauce, possibly bell pepper sauce or another kind of tomato sauce, which complements the toppings."
burst-cherry-tomato-pasta,../data/food_images/burst-cherry-tomato-pasta.jpg,"Heat ½ cup oil in a large heavy pot over low. Add garlic and cook, stirring often with a wooden spoon, until softened but not browned, about 2 minutes.
Increase heat to medium and add tomatoes, basil sprigs, red pepper flakes, and 1½ tsp. salt. Cook, stirring to coat, until some of the tomatoes begin to burst and release their juices, about 4 minutes. Smash some but not all of the tomatoes with the spoon to help release their liquid, then continue to cook, stirring occasionally, until a chunky, thickened sauce forms (about half the tomatoes should still be intact), 10–12 minutes. Taste and add sugar if sauce is too tart and add more salt if needed. Pluck out and discard basil sprigs.
Meanwhile, cook pasta in a large pot of boiling salted water, stirring occasionally, until al dente.
Drain pasta, add to pot with sauce, and cook, stirring, until coated, about 1 minute. Remove from heat and stir in 1 oz. Parmesan.
Divide pasta among bowls; drizzle with oil. Top with more Parmesan and 1 cup basil leaves."," Spaghetti is a hearty dish that can be cooked in a variety of ways. You can cook it in a sauce, bake it, or make it into a pasta dish. You can also bake it in the oven, or in the microwave. Just as with pasta, the sauce should be thick enough to not break up when cooked. To make spaghetti, you will need flour, a bowl, a spoon, and some sauce. You can also add other ingredients, such as tomatoes and cheese or tofu. To make pasta, you will need flour, a bowl, a spoon, and some cheese or sauce. You can add other ingredients, such as tomatoes and cheese or tofu. To make pasta, you will need flour, a bowl, a spoon, and some sauce. You can add other ingredients, such as tomatoes and cheese or tofu. To make pasta, you will need flour, a bowl, a spoon, and a sauce. You can add other ingredients, such as tomatoes and cheese or tofu. To make pasta, you will need flour, a bowl, a spoon, and a sauce. You can add ingredients, such as tomatoes and cheese or tofu. To make spaghetti, you will need flour, a bowl, a spoon, and a sauce. You"
salted-peanut-butter-jelly-pbj-ice-cream-pie,../data/food_images/salted-peanut-butter-jelly-pbj-ice-cream-pie.jpg,"Preheat oven to 275°F. Place crackers in a deep pie dish (a shallower one will work but you may have some filling left over) and gently crush with your hands until you have a mix of dime-size pieces, small crumbs, and everything in between. Add peanuts, brown sugar, and salt and toss to combine. Drizzle in butter and toss to evenly coat. Using your hands and the bottom of a measuring cup, press firmly and evenly into bottom and up sides of dish. (Mixture will look and feel crumbly, but it will hold together when baked.) Bake crust until a shade darker, 20–25 minutes. Let cool.
Do Ahead: Crust can be baked 3 days ahead. Store tightly wrapped at room temperature, or freeze up to 1 month.
Pour water into a medium saucepan to come 1½"" up the sides and bring to a bare simmer over medium-low heat. Whisk eggs, brown sugar, and salt in a large heatproof bowl just to combine (or use the bowl of a stand mixer if you’ve got one). Set over saucepan (bowl should not touch water) and heat egg mixture, stirring constantly with a heatproof rubber spatula, until sugar dissolves, about 4 minutes (mixture will no longer feel gritty when rubbed between your fingers). If you are concerned about undercooked eggs, heat mixture longer, still stirring constantly, until an instant-read thermometer registers 165°F, about 3 minutes more. Remove bowl from heat and add vanilla to egg mixture. Using an electric mixer, beat on high speed until thick and pale and doubled in volume, about 10 minutes. (Or, if using a stand mixer, beat with the whisk attachment, 6–8 minutes.)
Using spatula, mix peanut butter in another large bowl to loosen up and smooth out. Stir one third of egg mixture into peanut butter to lighten, then gently fold in half of remaining egg mixture, running spatula down sides and along bottom of bowl, then lifting up through center and over top while rotating bowl, until just combined. Repeat with remaining egg mixture (it will lose a lot of volume, and that’s okay).
Starting on low speed and gradually increasing to medium-high, beat cream in the same bowl you used for egg mixture (no need to wash) until soft peaks form, about 2 minutes. Gently fold into peanut butter mixture and scrape into crust. Dollop jelly all over; swirl with a butter knife. (For more defined swirls, freeze pie 30 minutes before adding jelly.) Freeze at least 8 hours before serving.
To slice, run a chef’s knife under hot water to warm up the blade, then wipe to clean and dry between slices. Use an offset spatula or fork to loosen slices from dish. If pie is frozen very hard, you may need to let it temper in the fridge 30 minutes before serving.
Do Ahead: Pie can be made 2 weeks ahead. Wrap tightly and freeze."," To cook this dish, you can either use a griddle or a pan. Grilling is the fastest way to cook the cheesecake, but it requires a lot of time and effort. Pan cooking, on the other hand, is the least time-consuming method and it's a popular choice for making cheesecakes."
farmers-market-farro-bowls-with-tofu,../data/food_images/farmers-market-farro-bowls-with-tofu.jpg,"Pour farro into a medium saucepan of boiling salted water, reduce heat, and simmer, stirring occasionally, until tender, 25–30 minutes. Drain farro and spread out on a rimmed baking sheet; let cool.
Meanwhile, using a slotted spoon, carefully lower eggs into a small saucepan of boiling water and cook 6½ minutes for an oozy, jammy yolk or 7 minutes for a slightly firmer middle. Transfer eggs to a bowl of ice water with slotted spoon and let sit until cool enough to handle, about 2 minutes. Remove eggs from ice water; peel and slice in half lengthwise.
Pack radish slices into a pint jar. Whisk vinegar, 1 Tbsp. sugar, 1 tsp. salt, and ½ cup hot water in a small bowl until sugar and salt are dissolved. Pour brine over radish slices; let cool. Cover and chill at least 1 hour before using.
Cut tofu crosswise into ½""-thick slabs, then cut each slab on a diagonal to create 2 triangles. Pat dry with a clean kitchen towel. Heat 2 Tbsp. grapeseed oil in a large nonstick skillet over medium-high. Add tofu in a single layer, season with salt, and cook, undisturbed, until golden brown underneath, about 4 minutes. Turn over and cook until golden brown on second side, about 4 minutes. Transfer tofu to a plate; reserve skillet (no need to wipe out).
Whisk lime juice, gochujang, mayonnaise, ¼ cup grapeseed oil, 1 Tbsp. soy sauce, 1 Tbsp. sesame oil, and remaining 1 Tbsp. sugar in a small bowl. Taste; season with salt if desired.
Heat remaining 1 Tbsp. grapeseed oil in reserved skillet over medium-high. Add zucchini, season with salt, and cook, tossing just once or twice, until tender and blistered in spots, about 4 minutes. Add remaining 1 tsp. soy sauce and 1 tsp. sesame oil and toss to coat. Transfer to a plate.
To serve, divide farro among bowls. Arrange eggs, drained pickled radish, tofu, zucchini, and raw vegetables of choice on top as desired. Drizzle each bowl with a few spoonfuls of dressing to your liking.", The dish should be boiled.
fancy-and-beautiful-tomato-salad,../data/food_images/fancy-and-beautiful-tomato-salad.jpg,"Gently toss heirloom and cherry tomatoes and 1¼ tsp. salt in a medium bowl to combine and set aside.
Finely grate lemon zest into a small bowl, then grate in garlic; set lemon aside.
Heat oil in a small saucepan or skillet over medium until just starting to shimmer. Add za’atar and cook, stirring occasionally, until fragrant and slightly darkened in color, about 1 minute. Add lemon zest and garlic, cook 10 seconds, then remove from heat. (You're looking to cook off the raw flavor of the garlic without losing the brightness of the lemon.) Transfer za’atar oil to a heatproof measuring cup.
Place pita chips in a large bowl and drizzle 2 Tbsp. za’atar oil over; season with salt. Mix well with a rubber spatula, aiming to coat chips without breaking them into too many pieces.
Cut reserved lemon in half and squeeze juice from 1 lemon half into a small bowl. Stir in honey and remaining ½ tsp. salt. Gradually add remaining za'atar oil, stirring constantly until emulsified. Taste dressing and add more lemon juice, honey, or salt if needed.
Add feta, basil, mint, and reserved tomatoes to bowl with chips and drizzle dressing over; toss gently to combine.
Spoon salad onto platter, making sure to leave no juices behind. Eat fast for crunchy chips or let sit for a crispy-gone-soggy experience."," Step 1: Place the plate on a white surface.
Step 2: Place the salad plate on the plate in the center of the table.
Step 3: Use a fork to arrange the salad ingredients.
Step 4: Be careful not to overcrowd the plate to avoid falling over the edge.
Step 5: Wait for the salad to come together."
chicken-thighs-with-tomatoes-and-feta,../data/food_images/chicken-thighs-with-tomatoes-and-feta.jpg,"Pat chicken thighs dry with paper towels; season all over with salt. Arrange skin side down in a cold large cast-iron skillet. Set over medium heat and cook chicken, undisturbed, rotating pan as needed for even browning, until skin is very deep golden brown and crisp and chicken releases easily from pan, 13–16 minutes. Using tongs, transfer chicken to a plate, arranging skin side up.
Combine tomatoes, harissa paste, vinegar, 1 oregano sprig, and ½ tsp. salt in same skillet. Increase heat to medium-high and cook, stirring occasionally, until tomatoes burst and their juices start to thicken, 8–10 minutes.
Nestle chicken thighs into tomatoes, skin side up. Reduce heat to medium-low, bring to a simmer, and cook until chicken is just cooked through and flesh is no longer pink (an instant-read thermometer inserted into the thickest part near the bone will register 165°F), and tomato sauce is thickened so that a wooden spoon dragged through it leaves a trail, 6–8 minutes. Remove from heat and let sit 5 minutes.
Break feta into large pieces; scatter over chicken. Some pieces will stay intact while others will soften into the sauce a little—and that's exactly what you want. Pick leaves off remaining 2 oregano sprigs and scatter on top.
Serve with bread for sopping up any extra tomato sauce."," Yes, the dish is flavorful. It is likely to be a chicken or beef dish. The dish also seems to have a red sauce that is bright red and has a creamy base. The sauce is likely to be chicken or beef sauce, as there is no red sauce mentioned. The dish also has some cheese, which is likely to be a creamy cheese, likely to be goat cheese. The chicken or beef is likely to be cooked in a pan, and the sauce is likely to be a red sauce. There is a hint of green on the top of the dish."
corn-and-chickpea-bowls-with-miso-tahini,../data/food_images/corn-and-chickpea-bowls-with-miso-tahini.jpg,"Purée jalapeños, ginger, garlic, cilantro, lime juice, tahini, miso, and 3 Tbsp. water in a blender until smooth. Season with salt.
Do Ahead: Dressing can be made 1 day ahead. Transfer to an airtight container and chill.
Heat 2 Tbsp. oil in a large skillet over medium. Add garlic and cook, turning occasionally, until golden brown, about 4 minutes. Mash garlic with a spoon and stir into oil. Add chickpeas and increase heat to medium-high. Cook, undisturbed, until golden brown and beginning to crisp underneath, about 3 minutes. Toss and continue to cook, tossing occasionally, until golden brown all over, about 2 minutes more. Add corn and 1 Tbsp. oil and cook, tossing, until corn kernels are golden around the edges and tender, 5–7 minutes. Sprinkle spice blend over and toss to coat. Season with salt.
Combine lettuce, avocados, and tomatoes in a large bowl. Drizzle lightly with oil and toss to combine. Season with salt.
Divide dressing among bowls and top with salad and chickpea mixture, then feta and some cilantro. Serve with lime wedges for squeezing over."," The salad is likely to be made fresh, fresh, and made at home. The method of preparation is the same as any salad. For this salad, you could use tomatoes, cucumbers, cucumbers, cucumbers, tomatoes, cucumbers, or even cherry tomatoes. You can cook these ingredients in a skillet, oven, or even in a pan. Alternatively, you could cook the ingredients in a large bowl and serve them with salad."
stone-fruit-custard-tart,../data/food_images/stone-fruit-custard-tart.jpg,"Preheat an oven to 375°F. Cook butter in a small saucepan over medium heat, stirring often, until it foams, then browns, 5–8 minutes. Set aside.
Pulse pistachios in a food processor until finely ground. Transfer 4 Tbsp. to a small bowl; set aside.
Scrape reserved browned butter over pistachios in food processor; add egg, brown sugar, flour, salt, and baking powder. Pulse until incorporated, then process, scraping down sides as needed, until mixture looks like wet sand and holds together when squeezed in your hand, about 2 minutes.
Press dough evenly into bottom and about 2"" up sides of pan with a straight-sided glass or measuring cup. Chill while you make the filling.
Process eggs and brown sugar in clean food processor until eggs are well combined, about 1 minute. Scrape down sides; add sour cream, vanilla bean paste, cardamom, ginger, orange zest, and salt. Sprinkle flour and 2 Tbsp. reserved pistachios over; process until smooth, about 1 minute.
Starting at the edges of the chilled tart shell and working inward, arrange stone fruit in snug concentric circles, standing each wedge up so one tip is raised and rounded skin side is pressed against crust. Carefully pour custard around fruit (fruit should not be completely covered). Sprinkle coarse sugar over.
Bake pie until crust is golden brown and filling is puffed and set in the center (it shouldn’t wobble when gently shaken), 70–75 minutes. Transfer pan to a wire rack and scatter remaining reserved 2 Tbsp. pistachios over. Let cool, then chill, uncovered, until fully set.
Unmold tart. Dust with powdered sugar and/or top with dollops of whipped cream or crème fraîche if desired. Serve chilled or room temperature.", Please follow the instructions in the accompanying image.
platanos-horneados-con-crema-y-queso-baked-banana,../data/food_images/platanos-horneados-con-crema-y-queso-baked-banana.jpg,"Preheat the oven to 400°F.
Place the whole bananas or plantains on a baking sheet and bake, turning them every 10 minutes, until the peel starts to split and the inside is tender when tested with a skewer, about 40 minutes. Remove from the oven but keep on the baking sheet. Carefully slice the peel lengthwise to just reveal the flesh and drizzle with some crema and sprinkle with cheese. Transfer to plates to serve individually, on a platter, or directly on the baking sheet on the table. Either way, people should carve out their own banana. Serve the remaining crema and cheese in bowls on the side, in case anyone wants more."," To cook this dish, you will need to submerge the flower petal in butter and then drizzle over the plate with melted butter."
tamale-pie-with-fresh-tomato-and-corn,../data/food_images/tamale-pie-with-fresh-tomato-and-corn.jpg,"Preheat oven to 450°F. Heat an 8"" cast-iron skillet over high. Pat chorizo and beef dry with paper towels, then press into an even layer in bottom of hot skillet with a spatula. Cook, undisturbed, until a brown crust begins to form on the bottom, about 6 minutes. Turn, break into pieces, and continue to cook until cooked through, about 4 minutes. Add tomato paste, cumin, half of grated onion, half of jalapeño, and 1 1/4 tsp. salt and cook, stirring constantly, until fragrant and well combined, about 1 minute. Remove from heat and stir in tomatoes, 1 1/2 cups corn, and 1 1/2 cups cheese.
Whisk eggs, butter, 1/3 cup sour cream, and remaining onion in a medium bowl. Whisk cornmeal, baking powder, and remaining 1/2 tsp. salt in a small bowl. Add dry ingredients to butter mixture and stir to combine, then stir in 1/4 cup cheese and remaining 1/2 cup corn.
Dollop cornbread batter over meat mixture, then smooth into an even layer. Top with remaining jalapeños and 1/4 cup cheese.
Bake cornbread until golden brown, 15–18 minutes. Serve with sour cream alongside.", You can cook this dish in a pan or in a smaller dish.
charred-peach-panzanella-pickled-pepper-vinaigrette,../data/food_images/charred-peach-panzanella-pickled-pepper-vinaigrette.jpg,"Whisk garlic, pickle brine, mustard, and salt in a large bowl to combine. Add tomatoes and pickled peppers and gently toss to combine. Let sit, tossing occasionally, while you cook the bacon, bread, and peaches.
Arrange bacon in a cold large cast-iron skillet and set over medium heat. Cook, stirring occasionally, until mostly crisp (there can still be a few soft, chewy spots if you’re into that sort of thing), about 10 minutes. Transfer bacon to paper towels to drain. Pour bacon fat into a small bowl; set aside. Wipe out skillet.
Heat 2 Tbsp. reserved bacon fat in same skillet. Working in batches and adding more bacon fat as needed, toast bread until golden (a few char marks are fine), about 2 minutes per side. Transfer to paper towels to drain. Wipe out skillet.
Heat another 1 Tbsp. bacon fat (if you’ve run out, use vegetable or olive oil) in same skillet and cook peach halves, cut side down, until lightly charred, about 3 minutes. Transfer to a cutting board; let sit until cool enough to handle. Slice each half in half again or into thirds and add to bowl with tomatoes. Tear toasted bread into 1""–1½"" pieces and add to bowl. Add bacon and toss gently to combine and saturate bread with juices collected in bowl.
Transfer panzanella to a platter or individual bowls to serve."," Yes, you can cook this dish with a pressure cooker."
stuffed-eggplants-and-zucchini-tomato-sauce-falastin,../data/food_images/stuffed-eggplants-and-zucchini-tomato-sauce-falastin.jpg,"To make the sauce, put the oil into a saucepan or casserole pan with a lid—about 10 inches/25cm wide—and place over medium heat. Add the onions and cook for about 10 minutes, stirring frequently, until soft and caramelized. Add the rest of the sauce ingredients, along with 2½ tsp of salt and a good grind of black pepper. Simmer over medium heat for about 10 minutes, stirring from time to time, then remove from the heat and set aside.
To make the stuffing, while the sauce is cooking, place all the ingredients in a large bowl with 1½ tsp of salt and a good grind of black pepper. Mix well, using your hands to make sure that everything is well incorporated. If making in advance, keep in the fridge until ready to use.
Trim the stalks from the eggplants, then insert a manakra (or peeler or corer) into the eggplant; you want it to be very close to the skin—about ⅛ inch/3mm away—but not so close that it tears and won’t hold its shape when it’s stuffed. Scoop out the flesh to create a generous cavity. You don’t need the flesh anymore, but keep it for another recipe; it can be cut into cubes and steamed or added to your next omelette. If your eggplants are particularly large, slice them in half, crosswise, and scoop out the flesh using a regular small serrated knife—be sure to keep one end of each half intact, so that the stuffing does not fall out!
Use the manakra or a swivel peeler to scoop out the zucchini flesh. Keep about ⅛ inch/3mm of flesh attached to the skin inside the zucchini and about ½ inch/1cm from the end intact—they need to be robust enough to keep the stuffing inside. Again, keep the scooped-out flesh to use elsewhere.
Using your hands, so that you can push in a bit of stuffing at a time, fill all the eggplant and zucchini cavities. Stop filling them about ½ inch/1cm from the top of each vegetable; the stuffing needs some space to expand inside the vegetables when they are cooking.
Gently lower the stuffed vegetables into the sauce. They won’t fit in a single layer, but try to avoid too much overlap and submerge them in the sauce as much as you can. Return the sauce to medium heat and, once simmering, decrease the heat to low. Cover the pan and simmer very gently for 90 minutes, or until the rice is completely cooked through and soft—test if it is ready by sticking a knife into the middle of one of the vegetables; it should go in very easily. Don’t worry if some of the rice/stuffing spills into the tomato sauce, this can happen and it will be fine when served.
To make the adha, meanwhile, put the oil into a small frying pan and place over medium heat. After about 1 minute, add the garlic and decrease the heat to medium-low. Cook for about 5 minutes, stirring very often, until the garlic is golden and crispy. Keep a close eye on the pan here; you don’t want the oil to get too hot and for the garlic to burn. Reserving the oil as you pour, strain the garlic through a sieve. Set the garlic aside—it will crisp up as it cools down—and return the oil to the pan. Add the coriander seeds and chile and cook for about 1 minute, stirring a few times, until fragrant. Remove from the heat, transfer to a separate bowl, and set aside until needed.
When the vegetables are cooked and the sauce is thick and rich (but still pourable), use a slotted spoon to carefully lift the vegetables out of the pan. Pour the sauce onto a large serving platter (or individual serving plates) with a rim and top with the stuffed vegetables. Spoon on the adha—the coriander-chile oil first, followed by the fried garlic—then sprinkle with the fresh herbs and green onion. Serve warm or at room temperature, with the yogurt spooned alongside.", The dish should be cooked in a sauce.
chicken-meatballs-with-molokhieh-falastin,../data/food_images/chicken-meatballs-with-molokhieh-falastin.jpg,"To make the meatballs, place the breadcrumbs in a small bowl and cover with water. Stir, then drain through a colander, squeezing out most of the moisture from the bread. (If using grated zucchini, toss it with ½ tsp of salt and place in a sieve set over a bowl. Let to sit for 20 minutes, then use your hands to squeeze out as much liquid as possible.)
Transfer the crumbs to a large bowl with the chicken, garlic, spices, herbs, lemon zest, ¾ tsp salt, and plenty of black pepper. Using well-oiled hands, shape into about 30 small balls; roughly a scant 1 oz/25g each.
Put 1 tbsp of oil into a large nonstick sauté pan with a lid, and place over high heat. Once hot, add half the meatballs and cook for 2–3 minutes, turning throughout, until golden brown all over. Transfer the meatballs to a baking sheet and set aside. Keep the pan on the heat and continue with the remaining 1 tbsp of oil and remaining meatballs in the same way.
Return the same pan to medium-high heat. Add the 2 garlic cloves, lemon rind, and stock and bring to a boil—this should take about 3 minutes. Add the molokhieh (or the spinach and okra combination), cinnamon, 2 tsp of salt, and plenty of black pepper, then decrease the heat to medium and cook, covered, for about 20 minutes, or until the molokhieh is bubbling and completely defrosted. Add the meatballs, parsley, and ½ cup/10g of cilantro and cook, covered, for another 10 minutes, or until completely cooked through. Stir in the lemon juice.
To make the adha, meanwhile, put the olive oil into a small frying pan over medium-high heat. Add the garlic and cook for about 3 minutes, stirring occasionally, or until golden and crispy. Add the chile flakes, then remove from the heat and pour into a bowl. Stir in the cilantro and set aside.
Divide the soup among four bowls and top with the fried garlic and remaining ½ cup/10g cilantro. Serve at once, with lemon wedges alongside.", Make sure the sauce in the bowl is not too thick. You can cook the meat in the sauce or cook other ingredients in the sauce.
bisibelabath-hot-lentil-rice,../data/food_images/bisibelabath-hot-lentil-rice.jpg,"Using the Sauté function on High, heat 1 teaspoon (5 mL) oil in the inner pot for 1 minute, until shimmering. Add the coconut, coriander seeds, chana dal, peppercorns, fenugreek seeds, cinnamon stick, cloves, asafoetida (if using) and dried chile; cook for about 2 minutes, until fragrant. Transfer the mixture to a clean coﬀee/spice grinder and grind to a powder.
Using the Sauté function on High, heat the remaining 5 teaspoons (25 mL) oil in the inner pot for 1 minute, until shimmering. Add the onion, salt, green chiles, turmeric and mustard seeds; cook for about 2 minutes, until the mustard seeds begin to pop. Add the rice, lentils, squash, and mustard greens; stir to combine. Stir in the toasted spices, then the broth. Secure the lid and cook on high pressure for 3 minutes.
Once the cooking is complete, let the pressure release naturally for 10 minutes, then quick-release the remaining pressure.
Remove the lid and stir. Transfer to a bowl; serve.
If you can’t find mustard greens, use turnip greens, kale or any other sturdy greens.", Add more oil to the pan until it is about halfway done cooking the rice. Take out the cooked rice and serve in the white bowl.
tahini-walnut-magic-shell-tara-obrady,../data/food_images/tahini-walnut-magic-shell-tara-obrady.jpg,"Preheat oven to 350°F. Spread out walnuts on a small rimmed baking sheet; toast, tossing halfway through, until golden brown, 8–10 minutes. Let cool.
Meanwhile, microwave white chocolate, oil, and tahini in a small microwave-proof bowl on low heat in 15 second bursts, stirring after each burst, until melted and combined.
Process walnuts in a food processor until a paste forms. Scrape down sides of bowl and add vanilla bean paste and salt and pulse to combine. With motor running, gradually pour in white chocolate mixture and process until smooth. Use immediately.", You should sear the ice cream on the stove until it's reached a medium-rare don't over-cook it.
django-reinhardt-dry-vermouth-cocktail-kat-odell,../data/food_images/django-reinhardt-dry-vermouth-cocktail-kat-odell.jpg,"Combine the vermouth, lemon juice, simple syrup, and 2 of the orange slices in a cocktail shaker and muddle to break down the orange. Add ice cubes to fill the shaker three-quarters full, cover, and shake to chill, about 15 seconds.
Fill a rocks glass with ice cubes and strain the cocktail over the ice. Garnish with the remaining orange slice."," To cook this dish, you'll need to create a flavorful sauce to use in the cocktail. One way to do this is to blend the ingredients you've mentioned and cook them in a sauce bowl until you have a smooth, thick consistency. Once cooked, you can combine the sauce with the cocktail and serve with ice."
rose-all-day-cocktail-day-drinking-kat-odell,../data/food_images/rose-all-day-cocktail-day-drinking-kat-odell.jpg,"Muddle the strawberries in a mixing glass or cocktail shaker. Add the rosé, Aperol, and lemon juice, and stir to incorporate. Pour into a wineglass, add a handful of ice cubes, and top with a splash of soda water.", It is a strawberry-based recipe.
lentil-veggie-burgers,../data/food_images/lentil-veggie-burgers.jpg,"Place lentils in a large saucepan and pour in water to cover by 4"". Bring to a boil, reduce heat to medium, and simmer, stirring occasionally, until lentils are tender but not mushy, about 10 minutes from the time the water reaches a boil. Drain well, then let cool at least 10 minutes.
Meanwhile, mix together yogurt, lemon zest, lemon juice, and half of garlic in a small bowl. Season with salt.
Mash mushrooms, miso, paprika, 2 Tbsp. oil, and remaining garlic in a medium bowl with a spoon to combine. Add lentils and mix and smash until partly mashed but with lots of whole lentils still remaining. Add flour and vigorously stir until mixture holds together when squeezed in your hand; if it doesn’t, continue to mash until it does, adding another 1–2 Tbsp. flour if needed. Form into 6 patties about ¾"" thick.
Heat 1 Tbsp. oil in a large nonstick skillet (patties will stick to a regular skillet) over medium. Cook 3 patties until deeply browned and crisp underneath, about 3 minutes. Carefully turn over; cook, adding more oil as needed to maintain a light coating around patties, until deeply browned and crisp on the other side, about 3 minutes. Transfer to a plate. Repeat with remaining patties and 1 Tbsp. oil.
Spread cut side of buns with reserved yogurt mixture. Build burgers with buns, patties, sprouts, and pickles."," To cook this dish, you can sprinkle salt on the top and let it get browned on the bottom. You can then top it with your favorite sauce or dressing."
nurse-aperitif-cocktail-vermouth-jim-meehan,../data/food_images/nurse-aperitif-cocktail-vermouth-jim-meehan.jpg,Build in a chilled wine glass filled with ice. Garnish with the cucumber wheel., The image does not mention any specific cooking method.
salad-ramen,../data/food_images/salad-ramen.jpg,"Whisk vinegar, olive oil, lime juice, soy sauce, sesame seeds, mild red pepper flakes, and sesame oil in a small bowl to combine. Set dressing aside.
Cook noodles in a large pot of boiling salted water according to package directions. Drain and rinse under cold water to stop the cooking. Transfer to a large bowl, add half of reserved dressing, and toss to coat.
Divide noodles among bowls. Top with vegetables and drizzle with remaining dressing."," Fried vegetables should be cooked in a hot oil pan, while the main ingredients should be fried in a dry frying pan on the same pan. The soup or broth should be cooked in a small amount of water or broth."
miso-glazed-salmon-with-sushi-rice,../data/food_images/miso-glazed-salmon-with-sushi-rice.jpg,"Bring rice, a pinch of salt and 2½ cups cold water to a boil in a medium saucepan over medium-high heat. Stir once, cover, and reduce heat to low. Cook until water evaporates and rice is tender, 18–20 minutes. Remove from heat and let sit, covered, 10 minutes.
Whisk sugar, ¼ cup vinegar, and 2 tsp. Diamond Crystal or 1¼ tsp. Morton kosher salt in a small bowl until sugar dissolves. Stir into rice; re-cover. Let sit until ready to use.
Whisk maple syrup, miso, tamari, ½ tsp. red pepper flakes, and remaining ¼ cup vinegar in a small bowl. Set glaze aside.
Heat oil in a large nonstick skillet over medium. Season salmon with salt; cook, skin side down, shaking pan occasionally, until skin is very crisp and deep golden brown, 7–9 minutes. Turn over and cook just until flesh is very lightly browned ( it should be nearly cooked through), about 2 minutes. Using a spatula to hold back fish, pour off fat from skillet.
Reduce heat to low and add reserved glaze to skillet; cook, stirring occasionally, until it begins to thicken, about 1 minute. Baste salmon with glaze and cook, basting occasionally, until glaze evenly coats fish, about 1 minute.
Divide rice among plates and top with salmon. Drizzle with any leftover glaze over; sprinkle with scallions, sesame seeds, and red pepper flakes. Serve with lime wedges if desired."," To cook the dish, it is important to cook it with a slow cooker, which is a kitchen appliance that allows you to cook food in a sauce, cheese, or broth. The slow cooker is designed to cook food in layers of spices, herbs, and ingredients. 

For this dish, a small amount of sauce is typically added to the rice and vegetables before it is cooked. The sauce can be a simple soy sauce, vinegar, or a type of marinade. This type of sauce often provides a rich flavor and a good balance of amino acids and carbohydrates.

To cook the dish, you can use either a brush or a brush-on method. This helps to cover the dish thoroughly and allows the sauce to meld with the ingredients. It is also important to not overcook the dish, as this can damage the food.

The dish should be served immediately upon cooking. The dish should be garnished with herbs and spices, which can add a nice contrast to the dish. The herbs and spices can be a good source of flavor and are often used in marinades.

The sauce should be cooked in a skillet, allowing it to thicken with each cooking time. The sauce should be well mixed with the rice, vegetables, and"
grilled-carrots-with-avocado-and-mint,../data/food_images/grilled-carrots-with-avocado-and-mint.jpg,"Prepare a grill for medium heat. Toast cumin seeds in a dry small skillet over medium heat, tossing often, until fragrant, about 2 minutes. Let cool.
Coarsely crush cumin seeds with a mortar and pestle (or on a cutting board with the flat side of a chef’s knife). Transfer to a large bowl. Add lemon juice and honey. Whisk in ¼ cup oil, then add chile and ginger. Season dressing with salt. Let sit while you grill carrots (this will give the chile and ginger time to infuse into dressing).
Toss carrots and remaining 2 Tbsp. oil on a rimmed baking sheet to coat; season with salt. Grill carrots, turning occasionally, until lightly charred in spots and tender, 14–18 minutes. Immediately transfer carrots to bowl with dressing and toss to coat. Taste and season with more salt if needed.
Arrange carrots and avocados on a platter and spoon any dressing left in bowl over. Top with mint."," To cook this dish, wash the carrots and cut them into smaller pieces. Place slices in a large shallow pan and cook, stirring occasionally, until tender. Add the cheese and breadcrumbs, and cook until a golden brown. Serve with a side of sour cream."
double-ripple-ice-cream-cake,../data/food_images/double-ripple-ice-cream-cake.jpg,"Bring plums, brown sugar, and salt to a boil in a medium heavy saucepan over medium heat, stirring constantly. Reduce heat and simmer, stirring occasionally, until fruit is softened and juices deepen in color, about 8 minutes. Strain through a fine-mesh sieve set over a medium bowl, pushing plum flesh through; discard skins. Return sauce to pan and bring to a simmer, stirring occasionally. Cook, still stirring, until reduced to about ⅔ cup, about 3 minutes. Pour ripple into a jar and let cool, then cover and chill 1 hour before using.
Place a rack in middle of oven; preheat to 350°F. Place walnuts on 1 side of a rimmed baking sheet; season with salt. Toast, tossing halfway through, 8 minutes (nuts should not be quiet golden brown yet). Remove from oven and add sesame seeds on empty side of baking sheet. Toast until nuts and seeds are golden brown, about 2 minutes. Let cool; chop nuts. Combine nuts, sesame seeds, maple syrup, and salt in a small jar or bowl and stir well. Cover and set aside.
Lightly butter pan and line with a parchment paper round. Heat brown sugar, tahini, and remaining ½ cup (1 stick) unsalted butter until bubbling in a medium heavy saucepan over medium heat, stirring until butter is melted and sugar is dissolved. Cook, without stirring, 1 minute. Let cool slightly.
Stir vanilla bean paste and salt followed by egg into brown sugar mixture. Sift flour and baking powder through a fine-mesh sieve into mixture and fold to barely combine. Scrape batter into the prepared pan. Bake until golden around the edges, evenly tan across the top, and puffed in the center, about 20 minutes.
Transfer pan to a wire rack and let blondie base cool. Run a knife around the sides to help base release but keep springform pan intact, then cover and chill in freezer at least 15 minutes or until ready to use.
Cut 3 pints of ice cream out of their containers and place in the bowl of a stand mixer fitted with the paddle attachment. (Alternatively, you can beat in a large bowl with a wooden spoon or stiff rubber spatula until the consistency of cake batter.) Mix on low speed 2 minutes, then working up to medium speed, beat until barely pliable. It will soften further as it sits, but you want it to be sticky and slightly challenging to spread when you assemble cake. Chill in the freezer at any point if it becomes too soft and melted.
Remove blondie base and remaining 2 still-frozen pints of ice cream from freezer. Using an offset spatula, spread a third of softened ice cream over base. Using a spring-loaded ice cream scoop, scoop out and place mounds of 1-pint still-frozen ice cream on top in a random manner. Dollop one third of maple ripple over ice cream, avoiding edges of pan. Next, drizzle one third of plum ripple over ice cream, creating stripes. Repeat layering process, using half of remaining softened ice cream, all of remaining frozen ice cream, half of remaining maple ripple, and half of remaining plum ripple. Top with a final layer of remaining softened ice cream, smooth surface, then drizzle with remaining maple ripple and plum ripple. (If at any point the ice cream gets so soft that you can’t achieve distinct layers, chill in freezer for a few minutes.) Freeze, uncovered, 2 hours, then cover and freeze at least 8 hours before serving.
To serve, run a knife or offset spatula around edge of pan to release. Unmold and remove parchment paper; discard. Transfer cake to a platter, smooth sides with an offset spatula, and freeze 10 minutes. Slice with a warm knife, wiping off between cuts."," In the image, the cake is on a white plate. It has a golden-brown crust and is sprinkled with sesame seeds and finely chopped nuts.  The cake is topped with a layer of vanilla ice cream. The ingredients are as follows:

- 1 cup (80 g) of almond milk.
- 4 tablespoons of olive oil.
- 1 tsp of salt.
- 1 tsp of black pepper.
- 1 tsp of dried oregano.
- 1 tsp of dried thyme.
- 1/2 tsp of black pepper.
- 2 tbsp of garlic powder.
- 1/2 tsp of dried onion powder.
- 1/4 tsp of paprika.
- 1/4 tsp of cumin.
- 1/4 tsp of turmeric.
- 1/4 tsp of saffron.

The cake is decorated with sesame seeds and finely chopped nuts. The frosting is creamy and smooth, and has a slight sheen to it. The edges of the cake are slightly browned. The cake is topped with a layer of vanilla ice cream. In the bottom, there's a layer of cream topping."
tiger-fruit-salad,../data/food_images/tiger-fruit-salad.jpg,"Gently toss fruit, chile, vinegar, sugar, and ½ tsp. salt in a medium bowl to combine. Let sit until fruit is spicy and flavorful, about 10 minutes.
Meanwhile, gather cilantro into a bundle and cut into 2""-long pieces. Transfer to a medium bowl, add scallions and celery, and toss to combine.
Drain fruit in a fine-mesh sieve set over a small bowl; set fruit aside. Add oil, soy sauce, and lime zest to marinating liquid in bowl and whisk to combine. Pour dressing over cilantro mixture and toss to coat. Add reserved fruit and sesame seeds and toss gently to combine. Taste and season with more salt if needed.
Transfer salad to a platter and serve with lime wedges."," The dish is likely made with either grilled or broiled vegetables. To cook the vegetables, you would typically use a non-stick pan or a stovetop, and possibly a grater or grinder. You could also consider using a combination of oven-safe cooking methods, like baking or roasting, to ensure that the vegetables are cooked evenly."
grilled-pork-shoulder-with-butter-vinegar-sauce,../data/food_images/grilled-pork-shoulder-with-butter-vinegar-sauce.jpg,"Toast fennel seeds in a dry small skillet over medium heat, tossing often, until golden brown and starting to pop, about 3 minutes. Transfer to a spice mill or mortar and pestle and let cool; coarsely grind. Transfer to a small bowl and mix in oregano. Place pork on a wire rack set inside a rimmed baking sheet and rub with oil. Season all over with 1 Tbsp. salt, then rub with spice mixture, packing it on. Let sit at room temperature 2 hours or chill, uncovered, up to 2 days.
Bring chiles, vinegar, butter, and sugar to a simmer in a small saucepan over medium-high heat; cook, stirring occasionally, until sugar is dissolved and sauce is reduced by about a third, about 5 minutes. Season with salt; cover and keep warm over low heat until ready to use.
Prepare a grill for medium heat. Drizzle pork all over with oil, then grill, turning every 5 minutes or so, until extremely, gorgeously browned and crisp and an instant-read thermometer inserted into thickest part registers 120°F, 35–45 minutes. Continue to grill, brushing with sauce and turning not quite every minute (you’re going to see flare-ups, but don’t worry), until pork is glazed and shiny and temperature on thermometer has risen to 130°F, 5–10 minutes more. Transfer pork to a platter and let rest 30 minutes; reserve remaining sauce.
Transfer pork to a cutting board and pour any accumulated juices on platter into reserved sauce. Return sauce to a simmer. Slice pork against the grain ¼"" thick. Arrange on platter, spoon some sauce over, and season with salt. Serve remaining sauce alongside.
If using a charcoal grill, a bed of medium-hot coals will gradually lose heat. Get a chimney started when the meat first hits the grill. About halfway through, throw some new glowing coals on the pile to keep things going."," The cooked pork is likely to be served as a side dish. It can be served on a side dish, a side meal, or as a main course. The sauce can be a simple marinade or sauce in a traditional way."
no-churn-almond-and-raspberry-swirl-ice-cream,../data/food_images/no-churn-almond-and-raspberry-swirl-ice-cream.jpg,"Bring raspberries, sugar, and ¼ tsp. salt to a simmer in a medium saucepan over medium heat and cook, stirring often, until raspberries begin to burst and lose their shape, about 4 minutes. Strain through a fine-mesh sieve into a large measuring glass, pressing on solids; discard solids. Pour back into saucepan and return to medium heat. Cook, stirring occasionally, until sauce is thick enough to coat a spoon, 10–15 minutes. (You should have about 6 Tbsp.) Transfer back to measuring glass and chill until cold, about 30 minutes.
Mix condensed milk, almond extract, and remaining ¾ tsp. salt in a medium bowl to combine.
Using an electric mixer, beat cream in a medium bowl, starting on low speed and gradually increasing to medium-high as it thickens, until billowy and stiff peaks form, about 4 minutes.
Add a dollop of whipped cream to condensed milk mixture and mix in with a rubber spatula (this is just to lighten it so that the next stage—folding—is easier). Add remaining whipped cream; fold in, running spatula down sides and along bottom of bowl, then lifting up through center and over top while rotating bowl to integrate without deflating, until very few streaks of condensed milk mixture remain.
Scrape about one third of ice cream base into a loaf pan that’s at least 8½x4½"". Drizzle over one third of raspberry syrup. Repeat layers 2 more times, ending with raspberry syrup (no need to be precise). Using a small offset spatula or butter knife, make figure-eight motions through ice cream base to swirl raspberry syrup throughout. Cover with plastic wrap or an airtight silicone lid and freeze until solid, at least 8 hours.
To serve, transfer loaf pan to refrigerator and let ice cream soften 10 minutes before scooping into bowls.
Do Ahead: Ice cream can be made 1 week ahead. Keep frozen.", I would use a pressure cooker.
fresh-mint-and-chocolate-ice-cream,../data/food_images/fresh-mint-and-chocolate-ice-cream.jpg,"Bring mint and 1 cup cream to a bare simmer in a small saucepan over medium heat. Remove from heat, cover, and let sit 30 minutes. Strain through a fine-mesh sieve into a measuring glass, pressing on solids; discard solids. Chill cream until very cold, about 30 minutes.
Just before cream is ready, heat chocolate in a heatproof bowl set over a saucepan of simmering water (do not let bowl touch water), stirring occasionally, until melted and smooth. (Alternatively, heat in 20-second increments in a microwave, stirring between bursts.) Mix together sweetened condensed milk and salt in a medium bowl.
Pour remaining 1 cup cream into infused cream in measuring glass. (You should have 2 cups; add more if needed.) Transfer to a medium bowl. Using an electric mixer, beat cream, starting on low speed and gradually increasing to medium-high as it thickens, until billowy and stiff peaks form, about 4 minutes.
Add a dollop of whipped cream to condensed milk mixture and mix in with a rubber spatula (this is just to lighten it so that the next stage—folding—is easier). Add remaining whipped cream, then sift in cocoa powder. Fold in, running spatula down sides and along bottom of bowl, then lifting up through center and over top while rotating bowl to integrate without deflating, until very few streaks of condensed milk mixture remain and cocoa powder is combined.
Scrape about one quarter of ice cream base into a loaf pan that’s at least 8½x4½"". Using a fork, drizzle about one third of melted chocolate over. Repeat layering process, finishing with a layer of ice cream base, to create 4 layers of ice cream base total and 3 layers of drizzled chocolate. Cover with plastic wrap or an airtight silicone lid and freeze until solid, at least 8 hours.
To serve, transfer loaf pan to refrigerator and let ice cream soften 10 minutes before scooping into bowls.
Do Ahead: Ice cream can be made 1 week ahead. Keep frozen."," Boil, steam, or bake."
cassava-cake-bibingkang-cassava,../data/food_images/cassava-cake-bibingkang-cassava.jpg,"Preheat the oven to 350°F.
To make the cake, combine the egg yolks, cassava, macapuno (or shredded coconut, if using), coconut milk and the ½ cup sweetened condensed milk in a large bowl and mix well.
Pour the cake batter into a greased 8 x 8-in (20 x 20-cm) cake pan. The cake batter will appear to be very loose and wet at this point, but don’t worry, the cassava will absorb most of the liquid during baking. Place the cake pan into the oven and bake until the top of the cake appears dry and no liquid is floating on the surface, 45–60 minutes.
Meanwhile, to make the topping, whisk together the egg whites and the ¼ cup (65 ml) sweetened condensed milk in a medium bowl until very well incorporated. Although you are using egg whites, don’t be concerned with making a foam or a meringue, just mix until combined.
Remove the cake from the oven and evenly pour the topping onto the cake. Return the cake to the oven and bake until the topping sets, about 10 minutes more.
Remove the cake from the oven and rest the cake in its pan on a cooling rack. Cool the cake completely before cutting it into squares. The cassava cake can be served at room temperature, or cold out of the refrigerator.", You should cook this dish until the top is tender and the bottom is flaky.
peach-cobbler-hot-water,../data/food_images/peach-cobbler-hot-water.jpg,"Preheat the oven to 350 degrees F.
Put the peaches in a 9-by-13-inch (or similar) baking pan or gratin dish. Pat the peaches into a roughly even layer, then, using a zester or a Microplane, zest the lemon evenly over the fruit and squeeze the lemon juice evenly over the top.
In the work bowl of a stand mixer fitted with the paddle attachment, cream the butter and 1½ cups of the sugar on medium speed until sandy, about 1 minute. Add the flour, baking powder, and salt, and beat again for another 30 seconds, until all the flour is incorporated and the mixture is evenly crumbly. With the mixer on low speed, slowly add in the milk. Increase the speed to medium and beat until light and fluffy, about 2 minutes.
Plop the batter in 6 large blobs over the top of the peaches. With an offset spatula or small knife, carefully spread the batter evenly over the fruit, so it’s no more than about ½ inch thick in any one place.
Sprinkle the remaining ½ cup sugar directly over the batter. Drizzle the hot water evenly over the sugar, using it to melt the sugar into the topping. (Use it all. It’s a strange method, but it works.)
Bake the cobbler for 70 to 80 minutes, or until the top is browned and cracked. (A toothpick inserted into the topping should come out dry—be sure to check in a few places.)
Let the cobbler sit for about a half an hour to firm up before serving warm in big bowls, with heavy cream poured on top.", There is no indication in the description of the dish or its cooking process.
scallion-pancakes-pajeon,../data/food_images/scallion-pancakes-pajeon.jpg,"To make the batter, combine the flour, cornstarch, baking powder, sugar, doenjang, and pepper in a medium bowl and mix well to blend. Add the club soda, egg yolk, and garlic and mix gently using a whisk. Do not whisk too much, or extra gluten will form in the batter, making it too thick and doughy. Whisk about 10 times, then let the batter rest for 10 minutes in the freezer so any remaining small clumps of flour can dissolve and blend into the mixture by themselves.
When you’re ready to make the pancakes, line a sheet pan with paper towels and set aside. Fold the scallions into the cold batter.
Set a 10-inch nonstick sauté pan over high heat and add about 1 tablespoon of the oil. When the oil begins to shimmer and just barely smoke, add 1 cup of the scallion batter to the center of the pan. Using a spatula, spread it out to form a 7-inch pancake. (You don’t want the pancake to touch the sides of the pan, or the edges may burn before the center is cooked through.) Reduce the heat to medium and cook for 4 to 5 minutes, until the bottom of the pancake has set. Once it has set, gently slide your spatula under the edges of the pancake and lift them, tilting the pan, so some of the hot oil runs underneath the pancake. Then cook for 2 to 3 minutes more, until the bottom is a deep golden brown and crisp. You can check the color by gently lifting an edge of the pancake with your spatula. Flip the pancake and cook on the other side for 3 to 4 minutes, until it is golden brown on the second side and cooked through. Transfer to the prepared sheet pan to drain. Wipe out the pan, set it back over high heat, add another tablespoon or so of oil, and repeat until all of the pancakes are cooked. The finished pancakes can be kept in a low (200°F) oven on a clean sheet pan while you cook the remaining batches, but it’s best to eat them right away.
Cut each pancake into quarters and serve with small bowls of the Pajeon Sauce and ice-cold makgeolli (Korean rice wine)."," To cook the dish, you can cook it in a dutch oven over lower heat. The dish should be cooked in a dutch oven that has a knob to control the heat. It can also be baked."
pajeon-sauce,../data/food_images/pajeon-sauce.jpg,"Combine all the ingredients in a bowl and mix well. Use immediately, or store for up to 2 weeks in a tightly sealed container in the refrigerator. Shake or stir well before using."," To cook this dish, you can use a pot or grill to cook it. Don't worry about the cooking process, just follow the directions on the recipe to make sure it is cooked to your desired doneness. The cooking method may vary by style and cooking method, but the basic principle is the same. For example, if you are cooking beans you will need to cook them in a pot. If you are cooking rice, you will need to boil it first. If you are cooking vegetables, you will need to cook them in a pot. For example, if you are cooking tomatoes, you will need to sear them in a pan. The image shows a plate of food with some cooking involved and a dipping sauce on the side."
shaak-no-sambharo-quick-pickled-vegetables,../data/food_images/shaak-no-sambharo-quick-pickled-vegetables.jpg,"Pre-Prep: Trim fresh vegetables like cauliflower, carrots, radish, and others into bite sized pieces, and no larger than the container they will be stored in. Flash steam firm vegetables like cauliflower and carrots in a colander over boiling water for just a minute or two: the pieces should still be firm. Lay them on a kitchen towel to dry. If using fresh turmeric, cover the chopping board in plastic wrap, and wear gloves. Scrape off the skin with a spoon as you would for ginger and rinse it clean to wash away any tough bits. Pat each fingerling down and slice into thin rounds or to match the ginger, and place on a paper towel to air dry. All vegetables must be dry to touch before pickling. To prepare ginger, peel and slice ginger into eighth-inch-thick slices, and chop them to look like carrot sticks. Spread on a paper towel and set aside to air dry for 15-20 minutes.
If using whole mustard seeds or whole fenugreek seeds, in two separate sets, crush each in a spice mill in short bursts until they each are broken down but not powdered. They should be the consistency of coffee grounds.
Method: Heat the oil in a large, wide mouth saucepan until it is hot but not smoking. Reduce the heat to low. Slowly add all the spices: mustard halves, fenugreek halves, asafetida powder, cayenne pepper if using, along with the serrano pepper if using, and ginger sticks. Add vinegar and salt. Allow this to sizzle for a minute on low. Stir to allow the heat to distribute evenly. When the oil is aromatic, slowly add the trimmed vegetables and stir in well. Turn up the heat and let this cook for 4-5 minutes until vegetables appear to have absorbed the spices a little. Turn off the heat and cover with a paper towel to capture any steam. Allow this to come to room temperature before storing.
To Store: Use smaller (4 – 6 oz.) sanitized and dried glass jars to store the pickle. Using a clean and dry spoon that is smaller than the mouth of the jar, ladle out portions of the pickle into each jar. Don’t worry if you don’t get the oils or juices when first filling the jars. Fill jars at least a half inch below the rim of the jar. Shake them once to allow the pieces to settle. Divide up any of the liquid over each of these jars, taking care that each jar has some of the spicy sauce. Lightly shake each jar to ensure the liquid finds its way into the nooks and crannies of vegetable pieces. Close the lid and store in the fridge. The pickle is ready to eat immediately after it is made, but the flavors are pronounced after a day or two. Serve using a clean and dry fork or spoon for each serving to avoid contamination.", In this image we can see a white color background.
gol-keri-quick-mango-achaar,../data/food_images/gol-keri-quick-mango-achaar.jpg,"Dust the onions with the salt and set aside for 15 minutes to let the onions sweat. Using a muslin cloth or strainer, extract and remove as much of the onion juice as possible. Rinse once after done and squeeze any remaining water away from the onions. Spread the onions onto a paper towel for 5 minutes.
Mix all remaining ingredients in a large bowl until well combined. Stir carefully to keep the mango pieces intact. Add onion and mix again. Taste for salt, and adjust if needed. This salsa is best consumed cold, within 2 days of preparation.", The dish should be cooked.
tortillas-de-harina-flour-tortillas,../data/food_images/tortillas-de-harina-flour-tortillas.jpg,"Mix the flour and pork lard with your fingers until the mixture is the texture of coarse sand. Then add the salt with the hot (but not scalding) water and knead well. If the dough is too sticky, add a little more flour; if it’s a little dry, add more hot water. The kneaded dough should be slightly tacky but not sticking to the bowl. Cover with plastic wrap and let sit at room temperature for 1 hour.
Divide the dough into 8 pieces and roll each one into a round ball. Roll each ball between sheets of parchment paper or plastic wrap into as thin a round as possible (the rounds will contract a bit when you stop rolling). As you roll each one, place it on a hot nonstick skillet or griddle over medium heat.
Cook for about 30 seconds, or until the tortilla starts to puff. Then flip and cook another 30 seconds. It should be cooked through and just speckled with golden brown spots. As the tortillas cook, place them in your serving dish covered with a dish towel, which will help keep the tortillas soft and pliable."," In this image, there are three flatbreads on a black plate. The background is a gray, white, and blue patterned cloth that is folded and placed on top of the plate. The plate is placed on a white table."
grilling-cheese-with-sweet-peppers-and-black-lentils-recipe,../data/food_images/grilling-cheese-with-sweet-peppers-and-black-lentils-recipe.jpg,"Bring a medium pot of salted water to a boil. Add lentils and cook until just tender but not falling apart (they should hold their shape), about 20 minutes. Drain well.
Meanwhile, whisk vinegar, honey, and 3 Tbsp. oil in a small bowl to combine; season with kosher salt and pepper. Set dressing aside.
Heat 1 Tbsp. oil in a large skillet over medium-high. Add cheese and cook, turning occasionally, until heated through and brown and crispy on all sides, about 5 minutes total. (Some varieties of paneer are made without salt; if using one of these, season your pieces of cheese while cooking.) Transfer to a plate.
Add remaining 1 Tbsp. oil to same pan, then add sweet peppers and oregano. Season with kosher salt and black pepper and cook over medium-high, stirring and pressing down occasionally on sweet peppers with a wooden spoon so they make good contact with the pan, until softened and blistered in spots, 20–25 minutes. Remove from heat.
Add warm lentils and reserved dressing to pan and toss to combine, then toss in cheese.
Transfer sweet pepper mixture to a platter or plates. Top with basil and season with sea salt and more black pepper."," The dish is a stir-fry with vegetables, meat, and tofu."
grilled-flatfish-with-brads-spoon-sauce,../data/food_images/grilled-flatfish-with-brads-spoon-sauce.jpg,"Toast pistachios in a dry small skillet over medium-low heat, tossing occasionally, until browned in spots, about 5 minutes. Let cool, then finely chop.
Gently mix pistachios, prunes, garlic, parsley, mint, tarragon, kimchi brine, and vinegar in a medium bowl to combine; season with salt. Whisk in oil, then taste and season spoon sauce with more salt if needed.
Prepare a grill for medium heat. Using a chef’s knife, cleaver, or serrated knife, cut fish crosswise into 2""–4""-wide planks (the larger the fish, the wider the planks); halve planks if fish is large. Pat fish dry, rub all over with oil, and season with salt and Aleppo-style pepper. Grill fish, undisturbed, until about 70 percent cooked through (use a knife to slide into flesh to check), about 5 minutes. The skin should release easily from the grate when the fish is ready to turn. If it’s sticking, keep cooking.
Using a large fish spatula, turn fish over and grill until cooked through (fish is done when a paring knife easily pierces the flesh along the side), about 2 minutes.
Transfer fish to a platter and spoon sauce over."," The dish appears to be a piece of what looks like a grilled fish or a piece of fish, possibly a type of seafood. It might be grilled, pan-fried, or baked. The crust is thin and appears to be generously toasted. The dish is garnished with a few pieces of sliced fish or similar seafood, which are sliced into small pieces and arranged on top of the fish. The rest of the ingredients are typically not visible. The fish is likely to be either grilled or pan-fried, and the fish may be seasoned with a spicy sauce.

The plating is made of a metal tray and a metal fork. The fork is located on the left side of the tray, and the plate is on the right side of the tray. The plate is silver-colored with some green herbs placed on it."
grilled-mushroom-antipasto-salad,../data/food_images/grilled-mushroom-antipasto-salad.jpg,"Prepare a grill for high heat. Toss mushrooms and 3 Tbsp. oil in a large bowl to coat. Grill, turning occasionally with tongs, until lightly charred, 2–6 minutes (depending on size and type). Return to bowl; season with salt.
Whisk vinegar, Aleppo-style pepper, oregano, garlic, and remaining 4 Tbsp. oil in a small bowl to combine; season vinaigrette with salt and black pepper. Pour over mushrooms and toss to coat. Add Parmesan, olives, and Peppadew peppers; gently toss to combine.", Add some soy-based sauce. Add some fresh vegetables. Add some fish.
brads-spoon-sauce,../data/food_images/brads-spoon-sauce.jpg,"Toast pistachios in a dry small skillet over medium-low heat, tossing occasionally, until browned in spots, about 5 minutes. Let cool, then finely chop.
Gently mix pistachios, prunes, garlic, parsley, mint, tarragon, kimchi brine, and vinegar in a medium bowl to combine; season with salt. Whisk in oil, then taste and season spoon sauce with more salt if needed.", It's easy to cook spinach and cheese together in a pot. It's a pretty straightforward recipe.
labneh-and-lime-ice-cream-with-granola,../data/food_images/labneh-and-lime-ice-cream-with-granola.jpg,"If using Greek yogurt, set a fine-mesh sieve over a bowl; line with cheesecloth. Place yogurt in sieve and let drain in refrigerator 4 hours (you should have ½ cup); discard drained liquid in bowl.
Pulse granola in a food processor to break up a bit. (Or roll up in a kitchen towel and gently crush with a rolling pin.)
Whisk labneh (or strained yogurt), condensed milk, lime zest and juice, and salt in a medium bowl until smooth.
Using an electric mixer, beat cream in a medium bowl, starting on low speed and gradually increasing to medium-high as it thickens, until billowy and stiff peaks form, about 4 minutes.
Add a dollop of whipped cream to labneh mixture and mix in with a rubber spatula (this is just to lighten it so that the next stage—folding—is easier). Add remaining whipped cream and fold in, running spatula down sides and along bottom of bowl, then lifting up through center and over top while rotating bowl to integrate without deflating, until very few streaks of labneh mixture remain. Fold in granola; scrape ice cream base into a loaf pan that’s at least 8½x4½"". Cover with plastic wrap or an airtight silicone lid and freeze until solid, at least 8 hours.
To serve, transfer loaf pan to refrigerator and let ice cream soften 10 minutes before scooping into bowls.
Do Ahead: Ice cream can be made 1 week ahead. Keep frozen."," The ice cream is soft and filling to scoop, but it is not possible to tell how the ice cream would be cooked because it is in a metal container."
grilled-eggplant-with-garlicky-tahini-yogurt-sauce,../data/food_images/grilled-eggplant-with-garlicky-tahini-yogurt-sauce.jpg,"Prepare a grill for medium-high indirect heat (for a charcoal grill, bank coals on one side of grill; for a gas grill, leave one or two burners off). Grill eggplant over indirect heat, turning occasionally, until completely tender, 1–1½ hours (depending on size and type).
Meanwhile, grill whole garlic heads over indirect heat until cloves are tender and jammy, 40–50 minutes.
Mix together yogurt and tahini in a small bowl; season with salt. Slice heads of garlic in half crosswise and squeeze cloves into yogurt mixture; stir well to incorporate.
Cut a slit lengthwise down each eggplant and carefully pull open with your hands. Arrange on a platter and squeeze juice from lemon over; season with salt. Dollop yogurt sauce around and sprinkle with sumac. Serve with spoon sauce.", Peach slices are cooked and baked.
grilled-potatoes-with-red-miso-butter,../data/food_images/grilled-potatoes-with-red-miso-butter.jpg,"Prepare a grill for medium-high heat. Bring potatoes, salt, and 1 quart water to a boil in a medium saucepan over medium-high heat. Reduce heat and simmer until tender, 12–14 minutes; drain. Grill potatoes, turning often with tongs, until lightly charred, 6–8 minutes.
Meanwhile, set a medium skillet, preferably cast iron, on grill. Place butter and miso in skillet and cook, stirring, until butter is melted and mixture is smooth, about 2 minutes. Remove from heat; stir in garlic and vinegar. Season with pepper.
Transfer potatoes to skillet, breaking some in half with tongs. Toss to coat in miso butter. Add parsley; toss again."," To cook this dish, you can either use a non-stick frying pan or a non-stick baking pan. If using a non-stick frying pan, you can use a cooking spray to coat the food completely. If using a non-stick baking pan, you can use a heat gun to coat the food completely. Here is the cooking method:
   - If you use a non-stick frying pan, put the food in the pan and cook it in the microwave, which is a convenient cooking option.
   - If using a non-stick baking pan, use the heat gun to coat the food completely and then put it in the pan. 
  - You can also use a non-stick cooking method by using a cooking spray to coat the food completely. 

The dish is likely to be a dish that is spicy, and the use of garlic and rosemary can be a good addition. The use of garlic and rosemary can be a good addition to the dish, especially if you are looking for a spicy addition."
grilled-cooler-steamed-corn,../data/food_images/grilled-cooler-steamed-corn.jpg,"Combine salt and 3 quarts water in a large pot; stir until salt is dissolved. Add corn; let sit at room temperature at least 2 hours, or cover and chill up to 12 hours.
Prepare a grill for high heat. Drain corn and grill until husks are lightly charred all over, about 15 minutes. Wrap in a clean towel and place in a cooler. Let steam at least 15 minutes and up to 3 hours.", The corn should be cooked in a Dutch oven. The corn is still warm. It appears to be cooked.
honey-glazed-pepper-chicken,../data/food_images/honey-glazed-pepper-chicken.jpg,"Finely grind black peppercorns and 2 Tbsp. pink peppercorns in a spice mill or mortar and pestle. Transfer to a small bowl and mix in 5 tsp. Diamond Crystal or 2¾ tsp. Morton kosher salt; set seasoning aside.
Place chicken, breast side down, on a cutting board and use kitchen shears to cut along both sides of the backbone to remove (freeze and save it for stock!). Open chicken and turn skin side up. Press down on center of breast to flatten chicken—you should hear the breastbone crack. Using a chef’s knife or cleaver, split chicken in half through breastbone. Pat dry; rub all over with 1 Tbsp. oil. Sprinkle reserved seasoning all over, making sure to get into all the nooks and crannies. Place on a wire rack set inside a rimmed baking sheet. Chill, uncovered, at least 8 hours and up to 2 days.
Coarsely grind remaining 2 Tbsp. pink peppercorns in spice mill or mortar and pestle. Cook chiles, honey, vinegar, and remaining 1 tsp. Diamond Crystal or ½ tsp. Morton kosher salt over medium heat, stirring occasionally, until mixture just turns amber in color and is reduced by about half (it should coat a spoon), 10–12 minutes. Stir in pink pepper and set aside.
Prepare a grill for medium heat. Lightly oil grate. Set chicken on grate, cover, positioning vent over chicken if your grill has one, and grill, turning every 5 minutes, until an instant-read thermometer inserted into the thickest part of thighs registers 120°–130°F, 15–20 minutes. Continue to grill, basting with honey mixture and turning chicken every 2–3 minutes, until an instant-read thermometer inserted into the thickest part of thighs registers 175°F and 155°F in the thickest part of breast, 10–15 minutes longer. Transfer to a cutting board and place skin side up. Let rest 30 minutes before carving.", Make sure to top the chicken with butter as well.
pork-shoulder-steaks-with-horseradish-mustard-sauce,../data/food_images/pork-shoulder-steaks-with-horseradish-mustard-sauce.jpg,"Mix horseradish, both mustards, and honey in a small bowl to combine; season with salt.
If using nori, finely grind in a spice mill or mortar and pestle. Mix coriander, mustard powder, brown sugar, pepper, garlic powder, and half of nori powder (if using) in a small bowl. This is your dry rub. Set remaining nori powder aside for serving.
Prepare a grill for medium-high heat; oil grate. Season steaks generously with salt. Sprinkle generously all over with dry rub. Grill, turning every 1–2 minutes, until lightly charred and an instant-read thermometer inserted into the thickest part of pork registers 140°F, 7–9 minutes. Transfer to a cutting board and let rest 5–10 minutes before thinly slicing.
Spread mustard sauce onto plates and arrange pork over. Top with horseradish and sprinkle with reserved nori powder.", Grilled meat should be cooked until it's browned and crispy on the outside.
speedy-summer-gazpacho,../data/food_images/speedy-summer-gazpacho.jpg,"Put all the ingredients in a food processor and blitz until smooth, then season to taste with salt and pepper.
Add some water to loosen the soup if needed, then divide it between bowls and drizzle some more oil on top to serve."," To cook this dish, heat a black stove top and add oil. Sauté until brown. Add chicken and cook until the chicken is done, stir, and adjust seasoning. Remove. Serve."
black-eyed-pea-burgers-with-creamy-barbecue-sauce-and-chowchow,../data/food_images/black-eyed-pea-burgers-with-creamy-barbecue-sauce-and-chowchow.jpg,"Cook amaranth, according to package directions. Spread out on a rimmed baking sheet and let cool.
Combine scallions, mushrooms, chile, black-eyed peas, parsley, tamari, flaxseed meal, miso, and ½ tsp. salt in a food processor. Sprinkle 1–2 Tbsp. cooled amaranth over mixture and pulse until just combined. Repeat process until all of amaranth has been incorporated. Taste and season purée with pepper and more salt if needed. Scoop onto a parchment-lined baking sheet to make 6 portions (a cookie scoop works great if you’ve got one) and form into patties that match the size of your buns. Freeze 30 minutes.
While the patties are chilling, make the sauce. Whisk barbecue sauce, mayonnaise, chili-garlic sauce, mustard, lemon juice, and vinegar in a small bowl to combine. Sauce should taste spicy, tart, and sweet.
Heat a large skillet, preferably cast-iron, over medium-low. Pour in oil just to thinly coat bottom of pan. Working in 3 batches to avoid crowding, cook patties, adjusting heat and adding more oil as needed, until browned (a crisp crust should form), about 5 minutes per side. (You can keep patties warm on a fresh parchment-lined baking sheet in a 250° oven if needed.)
Build burgers with patties, buns, sauce, and chowchow.
Do ahead: Sauce can be made 1 month ahead. Cover and chill. Bring to room temperature before serving.", You can cook this bun in the oven.
chowchow,../data/food_images/chowchow.jpg,"Toss cabbage, green tomatoes, onion, bell peppers, and salt in a large bowl until all of the vegetables are coated in salt (this will help them release some water). Cover and chill at least 8 hours and up to 12 hours. Drain vegetables.
Toast mustard seeds in a large pot over medium-high heat, shaking pan, until fragrant and slightly darkened in color, about 2 minutes. Add both vinegars, sugar, mustard, and turmeric. Bring to a boil, then reduce heat to medium-low and simmer 10 minutes.
Add garlic and drained vegetables to pickling liquid and mix well. Increase heat to medium-high and bring to a boil; cook 5 minutes. Reduce heat to medium-low and simmer until flavors have melded and liquid is slightly reduced, about 15 minutes. The cabbage and green tomatoes should still have a bit of a crunch. Let cool (this will take about 1 hour).
Using a slotted spoon, divide chowchow among sterilized glass jars of choice and spoon pickling liquid over (chowchow should be submerged and there should be about ½"" space at the top of each jar. Cover and chill.
Do ahead: Chowchow can be made 1 month ahead. Keep chilled. If you’d like to keep it longer, you can use the water bath boiling technique to make the jarred chowchow shelf stable.", The dish is already cooked and can be cooked with either butter or sour cream.
creole-caesar-salad-with-corn-bread-croutons,../data/food_images/creole-caesar-salad-with-corn-bread-croutons.jpg,"Place half the fried okra in a large bowl and add the romaine, corn, corn bread, tomatoes, cucumber, and onion. Add the dressing and toss until well coated.
Divide the salad among six serving plates and top evenly with the remaining okra. Serve immediately.
In a small saucepan, combine the oil, garlic, and onion. Cook over low heat until the garlic and onion are golden and tender, about 15 minutes. Using a slotted spoon, transfer the garlic and onion to a food processor; reserve the oil.
Add the vinegar, bell pepper, celery, sugar, cayenne, mayonnaise, Parmesan, and a pinch each of salt and black pepper to the food processor. Pulse until smooth. With the machine running, add the oil in a thin stream and process until emulsified. Taste and season with salt and pepper. Use immediately or store in an airtight container in the refrigerator for up to 1 week.", The dish would be good and spicy.
jerk-potato-salad,../data/food_images/jerk-potato-salad.jpg,"Using a fork, mix lime zest and juice, chiles, ginger, chopped garlic, scallions, chopped thyme, oil, brown sugar, allspice, salt, dried thyme, black pepper, granulated garlic, cinnamon, ginger, nutmeg, cayenne, and cumin in a medium bowl to combine (adding the chiles to the lime juice and zest at the beginning is important: it allows the juice to slightly blunt some of the sting of the chile).
Do ahead: Rub can be made 1 week ahead. Cover and chill.
Combine Yukon Gold and sweet potatoes in a large pot, pour in water to cover, and season with salt if desired. Bring to a boil over medium heat and cook until fork-tender, about 40 minutes. Drain and transfer to a large bowl (potatoes will be crushed at this point, especially the sweet potato, and that’s okay).
Meanwhile, mix mayonnaise and 2 Tbsp. jerk rub in a small bowl to combine (you will have leftover rub, see headnote for other uses). Set dressing aside.
Add red onion, scallions, 1 tsp. Diamond Crystal or ½ tsp. Morton kosher salt, and ½ tsp. black pepper to potatoes and toss to combine. Add dressing and fold into potatoes with a rubber spatula until well coated. Serve potato salad warm, room temperature, or chilled.
Do ahead: Potato salad can be made 2 days ahead (it will get more spicy). Cover and chill.", The dish should be cooked to a crispy texture.
grilled-peach-toast-with-pimiento-cheese,../data/food_images/grilled-peach-toast-with-pimiento-cheese.jpg,"Preheat a grill to medium-high (450°F).
Brush the peach halves with 1 tablespoon of the blended oil, and place on the grill grates, cut sides down. Grill, uncovered, until grill marks appear and the juices begin to release, about 3 minutes. Remove from the grill, and slice. Set aside.
Cut the avocado in half lengthwise, pit, and brush cut sides with 1 teaspoon of the blended oil. Place halves, cut sides down, on the grill grates. Grill, uncovered, just until the avocado is charred and begins to soften, about 5 minutes. Remove from the grill.
Brush the bread slices with the remaining 1 tablespoon oil, and place on the grill grates. Grill until the bread is toasted, about 2 minutes per side. Remove from the grill.
Spread Pimiento Cheese onto 1 side of each piece of toast. Cut each piece into 4 equal rectangles, keeping the pieces together.
Scoop the avocado from the peel into a medium bowl and mash with 1 tablespoon of the extra-virgin olive oil until it is chunky and spreadable. Spoon onto the toast, and top with sliced peaches.
Top the toast slices with radish slices and watercress leaves. Drizzle the remaining 1 tablespoon extra-virgin olive oil over the toast slices, and sprinkle with gray sea salt and black pepper."," To cook this dish, you'll need to bake it until it's golden brown. You can follow these steps:
1. Preheat your oven to 350 degrees F (135 degrees C).
2. Place the bread on a baking sheet.
3. Add the pizza to the baking sheet.
4. Bake for 10-15 minutes until the pizza is bubbly and the cheese is melted.
5. Remove the bread from the oven and let it cool.
6. Slice the bread and serve with your choice of dipping sauce.

This image shows the preparation of a homemade pizza. The pizza is topped with small vegetables, cheese, and tomato sauce. The vegetables include basil and mushrooms, which are used to create the toppings. The cheese is mozzarella, which is a popular cheese used in Italian cuisine. The tomato sauce is tomato sauce, which is usually served on the pizza. The bread is sliced into slices and baked. The pizza is served with a side of cheese and tomato sauce."
homestyle-dosas-with-tomato-chutney,../data/food_images/homestyle-dosas-with-tomato-chutney.jpg,"The morning before you make your batter, rinse rice in a fine-mesh sieve under cold running water, until water runs almost clear. Transfer to a large bowl and cover with 4 cups cold water. If your tap water is heavily chlorinated, use filtered water for soaking as chlorine will inhibit fermentation later on.
Pick over dal for debris, then rinse in sieve under cold running water. Transfer to a medium bowl and add fenugreek. Cover with 2 cups cold water (again using filtered if needed). Let rice and dal soak at least 8 hours and up to 10 hours.
Drain rice, holding back grains with your hand and pouring off most of the soaking liquid into a pitcher or large measuring glass. Transfer rice to a blender. Pulse to get things going, then purée, sparingly adding soaking liquid as needed, until a paste forms (mixture should be foamy and still slightly gritty when rubbed between your fingers). Pour into a clean large bowl. Repeat process with dal mixture, then vigorously stir blended dal into rice paste.
Add reserved soaking liquid as needed to create a pourable batter that falls off the spoon in a steady stream and gradually dissolves into itself. Stir in salt. (If you are in a warm climate, add salt after fermentation to keep batter from becoming overly sour.) Cover bowl with a kitchen towel, then a silicone lid (this will keep the surface of the batter from drying out). Set bowl in a warm spot (a proofing box or an oven with the light on and a bowl of hot water placed inside work well). Let batter sit until airy and pleasantly sour (when you drizzle it from a spoon, it should fall on itself in slowly dissolving ribbons), 4–6 hours in a very warm environment and as long as 2 days in a very cool environment. In general, 14 hours is a safe starting point.
Do ahead: Batter can be made 1 week ahead. Once fermented, cover and chill. Bring to room temperature before cooking. Thin with water if needed to reach a thick but pourable consistency.
Heat 2 tsp. oil in a medium skillet over medium. Cook onion, stirring occasionally, until translucent, about 3 minutes. Add green chiles and cook, stirring, 1 minute. Reduce heat to low, add tomatoes and any juices and a generous pinch of salt. Cook, stirring often, until tomatoes are tender, 7–9 minutes. Carefully transfer to clean blender or a food processor and blend until smooth; reserve skillet. Taste chutney and season with more salt if needed. Transfer to a small bowl.
Wipe out reserved skillet and heat remaining 2 Tbsp. oil in skillet over medium. Cook mustard seeds, stirring constantly, until they start to pop, about 30 seconds. Add curry leaves, dried red chile, and dal and cook, stirring occasionally, until curry leaves wilt and crisp and dal is starting to brown, about 2 minutes. Mix in asafoetida, if using, and remove spice oil from heat. Mix into chutney.
To cook dosas, heat a griddle or large skillet (the larger the better; you want the batter to have room to spread) over medium. Sprinkle a little water on surface; if it sizzles you’re good to go. (It’s important though not to let griddle get hotter than medium. If it’s too hot, the batter will start to cook before it’s fully spread out, yielding a thick dosa, or worse, a thin dosa that tears. Adjust heat as needed). Brush griddle with a thin layer of ghee, wiping off excess with a folded paper towel. Ladle a generous ⅓-cupful of batter in the center of griddle and use ladle to spread batter, working outward in continuous circles and never lifting ladle off surface, to create an 8""-diameter round. Ridges of thick and thin batter will form naturally. Cook dosa 30 seconds, then drizzle ⅛ tsp. ghee over batter. For a spongier dosa, cover with a large bowl and steam until cooked through, about 2 minutes (cooked underside should show through thinner spots, and thicker spots should be opaque and bouncy). For a drier dosa, cook until surface is mostly set, about 2 minutes, then, using a fish spatula or other wide spatula, flip dosa over (it should easily lift from the griddle at this point) and cook until second side is lightly golden, about 20 seconds. Fold dosa in half so toasted side is facing out and transfer to a plate. Repeat process with remaining batter and ghee.
Serve dosas as they are ready with chutney alongside for dipping.", You can cook this food on a non-stick pan.
shimbra-wat-chickpeas-with-spicy-flaxseed-paste,../data/food_images/shimbra-wat-chickpeas-with-spicy-flaxseed-paste.jpg,"Heat a small dry frying pan over medium-low heat. Add the flaxseed and lightly dry-toast for about 2 minutes, stirring and shaking the pan, until aromatic. Transfer to a dish and leave to cool. Once cool, grind using an electric spice or coffee grinder.
In a Dutch oven or sauté pan, heat 2 tablespoons of water over low heat and stir in 1 tablespoon of the awaze. Cook for 2 minutes, stirring continuously, then gradually work in the remaining 2 tablespoons of awaze, along with the ground flaxseed and 1 cup (250 ml) of water. Reduce the heat to its lowest possible level, cover, and cook, stirring frequently, for 20 minutes. Add a touch more water if it looks like the mixture is drying out—it should still be a bit runny at the end.
Meanwhile, place the chickpeas in a saucepan and cover with 2 cups (500 ml) of water. Bring to a boil, remove from the heat, and soak in the liquid until ready to use. Drain the chickpeas, reserving about 1 cup (240 ml) of the liquid. Add the chickpeas to the awaze-flaxseed mixture, generously season with salt, and mix well. Tip in some of the reserved cooking water if needed so that the sauce is a touch runny and evenly coats the chickpeas. Cook for a couple of minutes to combine the flavors before serving.", The dish should be cooked according to a recipe provided by the chef.
infinity-pool-mezcal-mlynarczyk,../data/food_images/infinity-pool-mezcal-mlynarczyk.jpg,"Up to 1 day before serving, make the batch. Pour chilled mezcal, chilled Lillet blanc, chilled simple syrup, celery bitters, and water into a 2-quart pitcher and stir to mix. Seal well, covering with plastic wrap if needed, and refrigerate.
Up to 2 hours before serving, prepare celery and lemon juices and stir into pitcher mix. Reseal and return to refrigerator if not serving immediately.
To serve, stir mixture well. Place a large ice cube in each rocks glass, then pour in cocktail and garnish with a small pinch of smoked salt and a lemon wheel, if desired.", Cook it until it is almost ready.
division-bell-phil-ward-mezcal-emma-janzen,../data/food_images/division-bell-phil-ward-mezcal-emma-janzen.jpg,"Shake mezcal, Aperol, maraschino liqueur, and lime juice together with ice. Strain into a chilled cocktail glass. Express the oils from a grapefruit peel over the top of the drink and discard.", There is no cooking involved in making this fruit cocktail. The fruit can be juiced or made into juice.
mezcal-mule-emma-janzen,../data/food_images/mezcal-mule-emma-janzen.jpg,"Add all ingredients to a cocktail shaker and dry shake. Careful—the bubbles in the soda water will give a little pushback, but don’t sweat it! Strain into a copper mule mug and add fresh rocks. Garnish with a sprig of mint and a quartered lime (optional).", Place the mug on a black surface.
electron-carrot-mezcal-cocktail-momose-janzen,../data/food_images/electron-carrot-mezcal-cocktail-momose-janzen.jpg,Rim coupe glass with ground pink peppercorn and salt. Combine all other ingredients in a shaker tin with ice. Shake until the tin feels cold. Strain into prepared glass., You can cook the fruit in sour cream or mango yogurt sauce.
killer-bee-mezcal-cocktail-nopalito,../data/food_images/killer-bee-mezcal-cocktail-nopalito.jpg,"To make a honey syrup, in a small bowl or jar, combine the honey with 1 1⁄2 ounces water.
In a cocktail shaker, combine the mezcal, lemon juice, and 3⁄4 ounce of the honey syrup (save the remaining honey syrup for another cocktail). Fill the shaker three-quarters of the way with ice and shake vigorously for 10 seconds if serving on the rocks or 15 seconds if serving “up.” Strain into an ice-filled double old-fashioned glass or bucket glass, or serve up with no ice."," You can cook the dish as you like.

The dish is a light brown color with a reddish tint on it.

The serving is too small to see.

The serving looks like a cup with a black rim around it.

The serving looks like a white bowl with a blue rim on top of it.

The serving appears to be a black bowl with a blue rim, but that is not really clear.

This is the cup with the blue rim, and the bowl with the blue rim is also black.

This is the bowl with the blue rim.

The serving looks like a white bowl with a red rim.

This is the bowl with the red rim and a blue rim.

The serving looks like a black bowl with a blue rim.

This is the bowl with the blue rim, and the blue rim is also black.

This is the bowl with the blue rim, and the blue rim is also black.

At the bottom of the image, there is a black object with a design that looks like a floral design."
la-pina-cocktail-mezcal-pineapple,../data/food_images/la-pina-cocktail-mezcal-pineapple.jpg,"Put the large ice cube in an old-fashioned glass. Muddle the serrano chile with the cilantro leaves in a cocktail shaker. Add the mezcal, pineapple juice, simple syrup, lime juice, and ice cubes. Shake vigorously and strain over the large ice cube in the glass. Garnish with the pineapple leaf.", It's a special dish is hard to make it.
arinato-cocktail-ivy-mix,../data/food_images/arinato-cocktail-ivy-mix.jpg,"Add all the ingredients, except the grapefruit twist, to a mixing glass with ice and stir. Strain over a large ice cube in a rocks glass. Express the grapefruit twist over the drink and then rest the twist on the cube in the glass.", In this image there is a glass with a drink in it. The drink is amber and has a liquid inside.
ti-punch-rhum-agricole-shannon-mustipher,../data/food_images/ti-punch-rhum-agricole-shannon-mustipher.jpg,"With a sharp paring knife, cut a disc of skin from the lime about the size of a silver dollar, taking as little of the pith and actual flesh of the lime as possible. In a rocks glass, muddle the lime disk with cane or simple syrup, then top with rhum. Stir well to mix.", It would be best to cook it until it's a little browned so it can be served cold.
royal-dock-cooler-rum-punch,../data/food_images/royal-dock-cooler-rum-punch.jpg,"Combine all ingredients and stir to mix. Keep at least 4 hours or up to overnight in a covered container in the refrigerator. Stir before serving. If utilizing a punch bowl, pour over a large block of ice to slow dilution. Garnish with fresh lime wheels."," To cook the frisuit, mash the lemon slices and mix them with the lemon juice and salt. Then, add the lemon juice, lemon zest, and sugar and mix well. Once cooled, discard the lemon slices."
jungle-bird-cocktail-rum-amaro,../data/food_images/jungle-bird-cocktail-rum-amaro.jpg,Combine all the ingredients except the garnish in a cocktail shaker filled with ice. Shake until chilled and strain into a double old-fashioned glass over a large ice cube. Garnish with the pineapple chunk or leaf (or both).," To cook this dish, you can use your hands to stir the sauce and then add the sauce to the glass. Be careful to not spill the sauce onto the table. You can also choose to make the sauce thin or thick and use it to make the cocktail."
savory-gruyere-bread-with-ham-melissa-clark,../data/food_images/savory-gruyere-bread-with-ham-melissa-clark.jpg,"Heat the oven to 350ºF. Butter and flour a metal 9 × 5-inch loaf pan and set it aside.
In a large bowl, whisk together the flour, baking powder, salt, and baking soda. Stir in the chopped ham, scallions if using, thyme, and 1¾ cups (7 ounces) of the Gruyère (reserving the rest for topping). In a separate bowl, whisk together the melted butter, eggs, and buttermilk. Add the wet mixture to the flour mixture and stir to combine. The batter will be thick.
Transfer the batter to the prepared loaf pan and spread it out evenly, smoothing the top. Sprinkle the remaining ¼ cup (1 ounce) cheese over the top. Bake until the top springs back when lightly pressed and a skewer inserted in the center comes out with some moist crumbs attached, 45 to 55 minutes.
Transfer the pan to a wire rack and let it cool for 10 minutes. Then remove the bread from the pan and let it cool completely on the wire rack."," The dish looks like it is baked and a bit overdone, so it's probably better to simply cook it."
grilled-cauliflower-wedges-with-herb-tarator,../data/food_images/grilled-cauliflower-wedges-with-herb-tarator.jpg,"Toast almonds in a dry small skillet over medium heat, tossing occasionally, until golden brown, about 5 minutes. Transfer to a small bowl and let cool. Set aside for serving.
Blend garlic, dill, mint, tahini, and ⅓ cup water in a blender or food processor until a thick paste forms. Add lemon juice and blend again, adding an additional 1–2 Tbsp. water if sauce is too thick. It should be easily spreadable but not runny. Season with salt and lots of pepper.
Remove outer leaves and trim stem from cauliflower so it sits flat. Cut cauliflower into 4 wedges.
Whisk oil, coriander, cumin, turmeric, and a big pinch of salt in a large bowl to combine. Add cauliflower and coat in oil. The cauliflower can fall apart easily, so handle with care and use your fingers to work oil into the uneven surface.
Prepare a grill for medium-high heat (if using a charcoal grill, bank most of the coals on one side of the grill). Place cauliflower, cut side down, on grate over hottest part of grill and grill, undisturbed, until char marks form, about 3 minutes (you can carefully lift to check, but try not to move too much). Turn over onto other cut side and grill, undisturbed, until grill marks form, about 3 minutes. Turn onto uneven floret side and slide over to cooler part of grill or reduce heat to low and cover with lid. Grill until tender (if a bamboo skewer easily slides through the thickest part, it’s done), 10–15 minutes. (And if you don’t have a grill, you can do this in a grill pan over high. Once pan is very hot, add cauliflower, reduce heat to medium-high, and cook both cut sides as above. When you turn cauliflower over onto uneven floret side, reduce heat to low and cover pan with foil to finish cooking.)
To serve, spread some tarator onto individual plates or a platter. Arrange cauliflower wedges on top and dollop remaining tarator over. Scatter mixed tender herbs and almonds on top.", This dish is served in a large platter with lemon wedges.
open-face-mushroom-sandwiches-pecorino-salsa-verde,../data/food_images/open-face-mushroom-sandwiches-pecorino-salsa-verde.jpg,"Six–eight 10"" metal skewers or bamboo skewers, soaked (optional)
Toss shallots, vinegar, red pepper flakes, and black pepper in a small bowl to combine; lightly season with salt (the Pecorino will add some saltiness, so bear that in mind). Let sit 3 minutes.
Meanwhile, very thinly slice Pecorino into tiles with a knife (irregular pieces are okay).
Add Pecorino, herbs, and oil to pickled shallots and toss gently to combine. Taste and season with more salt if needed; set aside.
Prepare a grill for medium-high heat; clean grate. Working one at a time, set mushrooms on their sides and slice lengthwise ¼"" thick to make 3–4 planks per mushroom, depending their size. If your mushrooms are particularly small or you are using crimini, slice ½"" thick and thread onto skewers to keep them from falling through grate.
Using some of the oil, brush cut sides of mushrooms and transfer to a large bowl or arrange on a rimmed baking sheet if skewered. Lightly brush both sides of each slice of bread with remaining oil and transfer to a platter.
Press each slice of bread down across grate for even contact and grill until browned with some lightly charred spots, about 2 minutes per side. The goal is a crunchy exterior with a still chewy center. Transfer bread back to platter.
Brush grate to clean. If using a gas grill, turn heat down to medium. A charcoal grill should be at the tail end of medium-high and headed toward medium at this point, but wait a few minutes if needed. Grill mushrooms, turning halfway through and moving around as needed to avoid flare-ups, until golden all over with lightly charred edges, 6–8 minutes for small pieces and 8–10 minutes for large ones. Return to bowl (slide off of skewers if needed). Add Pecorino salsa verde and toss to combine. Spoon mushroom mixture over grilled bread."," To cook this dish, you can use a skillet or a pan. Make sure to use a non-stick pan or grill pan for better cooking efficiency. Also, don't overcrow the pan. Pour the sauce over the dish and let it cook for a few minutes. After that, flip the pan and continue cooking for another minute or so."
hickory-smoked-baby-back-ribs-rob-rainford,../data/food_images/hickory-smoked-baby-back-ribs-rob-rainford.jpg,"For the ribs, stir together the sugar, salt, smoked paprika, chili powder, regular paprika, onion powder, black pepper and thyme. Set aside.
With a small, sharp knife, release the edge of the membrane on the back of each rack of ribs. Grasp the edge with needle-nose pliers or a piece of paper towel and peel the membrane off the rack. (If you leave the membrane on, the ribs will be chewy.)
Spread the dry rub all over each rack of ribs until completely coated. Make sure you press the dry rub into the meat. This is where your flavor is going to come from. Arrange the ribs in a rib rack, with all the racks facing the same direction. A rib rack has 8 slab compartments, looks like a rack of coat hangers and can be purchased at most barbecue stores.
Fire up your charcoal grill and prep the grill for cooking over indirect heat. You need a low temperature of around 250 to 300°F (120 to 150°C) to grill the ribs. For gas grills, preheat the grill to low then turn off one side of the grill to achieve indirect heat. Place a drip tray on the cooler side of the grate and half fill the pan with warm water or the beer of your choice.
Drain 2 chunks of hickory, place them on top of the charcoal and set the grate in place. For gas barbecues, place half of the hickory chips in a foil pouch and place the pouch directly on the heated side of the grill. Wait for the hickory to start to smoke.
Place the rib racks over indirect heat as far from the heat as possible, with the bone sides facing toward the heat. Close the lid and close the top vent on a charcoal grill about halfway. This will maintain a temperature between 250 and 300°F (120 and 150°C). Cook the ribs for 2 hours.
Once the ribs are on, it’s time to start working on the barbecue sauce. If you have a side burner this can be done outside. If you don’t, go inside and use your stove top to simmer your sauce. Combine all the ingredients in a small saucepan set over medium heat. Simmer for 20 to 30 minutes or until the sauce reaches a glaze consistency. Remove the saucepan from the heat and set aside to cool.
The first batch of charcoal should be cooling down after 2 hours. Now is the time to use your chimney starter and get another batch of charcoal lit. Add the remaining wood chunks to the coals to get a little more smoke. If using a gas grill, wrap the remaining chips in foil and place directly on the hotter side of the grate. Close the lid and grill for another 2 hours. Make sure to come back every hour on the hour to check the temperature and to add more charcoal, if necessary. In the last hour of grilling, your ribs will start to show signs of cooking all the way through. When the meat pulls back from the bone, the ribs are almost ready. Baste the ribs with the barbecue sauce during the last 5 to 10 minutes of cooking. I like to tent my ribs before serving, so take them off the grill and let them rest, loosely covered with foil, for 10 minutes."," Grilled rib roast is a popular meat dish which is prepared by cooking the rib roast in the oven, and then roasting it for the evening. The preparation process involves grilling the roast in an oven, which is a type of oven that is typically set in a kitchen. The oven uses hot coals, and the roast is placed in the oven at the temperature required. The meat is then cooked by cooking it in the oven over a medium heat, which is recommended as it ensures that the meat remains juicy and tender. Once cooked, the roast can be served in various dishes such as burgers, steaks, or as a side dish. 

The first step in cooking the roast is to chop the meat into small pieces. While the meat is still warm, you can also prepare a meat loaf or a panini. If the roast is not cooked to perfection, it may still have some imperfections, which can be cooked away before serving with the rest of the dish.

The next step is to prepare the roast and allow it to come to room temperature. The roast should be lightly dusted with flour, and then cooked until it reaches a golden brown color. This process usually takes several minutes, and you can then remove the roast from the oven and serve it with the"
grilled-watermelon-salad-with-lime-mango-dressing-and-cornbread-croutons,../data/food_images/grilled-watermelon-salad-with-lime-mango-dressing-and-cornbread-croutons.jpg,"Put all of the ingredients except the oil in a blender. Blend on high. After the ingredients are blended, slowly add the oil and continue to blend until the mixture is thickened and emulsified. (Makes 1 cup.)
Heat a grill pan to medium-high heat. Drizzle the watermelon slices with just enough oil to thinly coat and place them on the hot grill.
Grill each side of the watermelon slices for about 2 minutes, until charred. Transfer to a plate and season with salt.
Remove the rind and dice the grilled watermelon into large cubes.
Preheat the oven to 350°F. Toss the pumpkin seeds with the cayenne, sugar, and 2 teaspoons oil and place on a small baking sheet. Roast for 6 to 10 minutes, until golden.
Brush the cornbread cubes with the melted butter and place in a single layer on a baking sheet. Put in the oven along with the pumpkin seeds and bake for 10 minutes, turning halfway with a flexible spatula. Remove from the oven when the croutons are toasted and golden.
Toss the watermelon, shiso, dates, and chile in the bowl with ¼ cup Lime Mango Dressing (reserve remaining dressing for another use). Taste and adjust the seasoning with salt and pepper. Add the cornbread croutons and toss very gently to combine without breaking the croutons. Spoon the salad onto a large platter and garnish with the pumpkin seeds and cheese."," To cook this dish, follow these steps:

1. Add vegetable broth to the pan.
2. Add the vegetables.
3. Cover and cook until the vegetables are tender.

Step-by-step justification:

Step 1: Add vegetable broth
Step 2: Add vegetables

Step 3: Cover and cook until the vegetables are tender.

The process is straightforward. To describe this in detail:

Step 1: Add vegetable broth to the pan.
Step 2: Add vegetables.
Step 3: Cover and cook until the vegetables are tender.

In this step, we followed the general steps of cooking vegetables in a pan. Here are the detailed steps for step 3:

1. Add vegetable broth to the pan.
2. Add vegetables.
3. Cover and cook until the vegetables are tender.

Step 3: Cover and cook until the vegetables are tender.

By following these steps, we have ensured that the vegetables will be cooked perfectly in just a few minutes, and the pan will be cooked evenly. This is a common practice for cooking vegetables in many home kitchens, as it ensures that the vegetables are cooked to their full potential before serving."
fried-plantain-chips-with-lime-sour-cream-and-mango-hot-sauce,../data/food_images/fried-plantain-chips-with-lime-sour-cream-and-mango-hot-sauce.jpg,"Make the mango hot sauce: Heat the oil in a medium pan over low heat. Add the shallots, chiles, garlic, turmeric, and mango and sauté for 5 to 7 minutes, until the aromatics start to soften. Add the salt, vinegar, and ½ cup water. Stir to combine, then cover and simmer until the aromatics are completely softened and the liquid thickens slightly, about 10 minutes.
Transfer the mixture to a blender and blend until smooth. Stir in the orange juice and season with more salt to taste. Transfer the hot sauce to a resealable glass jar and refrigerate until ready to use. (The hot sauce will keep for up to 2 weeks.)
Make the lime sour cream: In a medium bowl, stir together the sour cream, lime zest and juice, and salt. Refrigerate until ready to serve.
Make the plantains: Fill a large Dutch oven or heavy-bottomed pot about two-thirds of the way with vegetable oil. Heat over medium heat until the oil reaches 375°F.
With a very sharp knife, peel the plantains, then slice lengthwise about ⅛ inch thick. Working in batches, fry the plantains in the hot oil, flipping occasionally, until golden brown on both sides, 4 to 6 minutes. Using a slotted spoon, transfer to a paper towel–lined plate to drain. Season with salt and pepper.
Serve the fried plantains with the mango hot sauce and lime sour cream for dipping.", Make sure the grill is done and cut the chips into halves.
mississippi-corn-pudding,../data/food_images/mississippi-corn-pudding.jpg,"Set a rack in the lower third of the oven. Preheat the oven to 350°F. Grease a 9 by 13-inch casserole dish with butter, making sure to get in all the corners and sides of the dish.
In a medium bowl, whisk together the eggs and sugar until well combined. Add the melted butter, milk, heavy cream, and sour cream and whisk to incorporate.
In a large bowl, whisk together the flour, cornmeal, salt, pepper, paprika, and baking soda.
Using a spatula, fold the wet ingredients, 1 cup at a time, into the dry ingredients until well combined.
Fold in the onion, celery, corn, and cheese.
Pour the batter into the prepared baking dish and sprinkle the cracker crumbs on top. Bake the pudding for 30 to 40 minutes, rotating halfway through, until lightly browned on top and the tip of a knife inserted in the center comes out clean.", The dish should be cooked in a slow cooker.
black-eyed-pea-salad-with-hot-sauce-vinaigrette,../data/food_images/black-eyed-pea-salad-with-hot-sauce-vinaigrette.jpg,"Whisk the garlic, vinegar, mustard, hot sauce, honey, 1/4 teaspoon salt, and ¼ teaspoon pepper in a large bowl until smooth. While whisking, add the oil in a slow, steady stream. Whisk until emulsified.
Add the peas, cucumbers, onion, tomatoes, dill, and 1/2 teaspoon salt. Toss until well mixed. You can serve this right away or let it sit at room temperature for up to 1 hour.
DO AHEAD: The salad can be refrigerated for up to 1 day.", The dish should be cooked and served with a sauce.
caribbean-smothered-chicken-with-coconut-lime-and-chiles,../data/food_images/caribbean-smothered-chicken-with-coconut-lime-and-chiles.jpg,"Heat the oil in a shallow Dutch oven or casserole with a lid over high heat.
Season the chicken generously with salt and pepper and add to the hot oil, skin side down. Sear, flipping once, until browned on both sides and the fat renders, about 5 minutes.
Push the chicken to one side of the pan, add the thyme and onions to the other side, and reduce the heat to medium-low.
Cook, stirring, until the onions get some color, about 4 minutes. Add the garlic, chile, ½ teaspoon salt, and ½ teaspoon pepper. Cook, stirring, for 1 minute, then add the coconut milk and ¼ cup water. Bring to a boil, stirring.
Arrange the chicken in a single layer skin side up and surround with the onion mixture. The skin should be just above the liquid line. Cover and simmer until the chicken is cooked through, about 20 minutes.
Uncover and stir in the lime juice. Simmer uncovered until the sauce thickens, about 5 minutes. Stir in the curry powder and lime zest.
Serve immediately with lime wedges.
DO AHEAD: The cooked chicken can be refrigerated for up to 3 days.", Chill the food in the bowl until it is chilled. Serve it with a side of lemon wedges.
watermelon-salad-with-radishes-and-mint,../data/food_images/watermelon-salad-with-radishes-and-mint.jpg,"Dissolve a spoonful of salt in a large bowl of ice and water. Add the radishes and let sit for a few minutes to crisp.
Whisk the vinegar, oil, and 1 teaspoon salt in a large bowl. Drain the radishes and add to the bowl, along with the onion and watermelon.
Gently toss with your hands to coat evenly.
Spread on a serving platter, grind pepper all over, and top with the mint."," To cook watermelon, place it in a small dish. Use a spoon to stir it with lemon juice and olive oil. Add it to the dish and let it cook. Check on the dish and serve it."
classic-bbq-baked-beans,../data/food_images/classic-bbq-baked-beans.jpg,"Preheat grill to high.
Place a large Dutch oven or cast-iron pot over direct heat and cook bacon until fat has begun to render. Add onion and red pepper and cook until they begin to soften, about 3-5 minutes. Add the beans, including canning liquid, and bring to a simmer.
Add brown sugar, ketchup, apple cider vinegar, maple syrup, molasses, mustard, hot sauce, and Creole seasoning and stir to combine. Close the lid and cook the beans until the liquid has thickened, about 60 minutes. Cover the pot and move to the cooler side of the grill, then cook for another 20-30 minutes or until desired tenderness."," To cook the beans, you'll need to simmer them in a medium-speed sauce to get the desired consistency. Once the beans are cooked, you can add them to your cooking methods. If you prefer a fresh and crunchy texture, you can choose a salad or mixed greens dish. If you like a creamy consistency, you can choose a creamy sauce.

For example, if you have a salad or mixed greens dish, you can prepare it by sautéing some onions and greens in the sauce, then adding the beans, a drizzle of olive oil and a squeeze of lemon juice. You can then top the salad with your chosen dressing.

If you prefer a fresh and crunchy texture, you can use a crunchy-dressing like cornstarch or a mixture of flour and cornstarch. Alternatively, you could add a few chopped fresh herbs to your salad.

For example, if you prefer a creamy texture, you can use a creamy sauce. If you prefer a crunchy texture, you can use a crunchy-dressing.

In conclusion, the best sauce would depend on the desired taste and texture. You could use a creamy sauce or a crunchy-dressing to create your desired balance."
icebox-lemon-pie-with-meringue,../data/food_images/icebox-lemon-pie-with-meringue.jpg,"Preheat the oven to 300°F. In a medium bowl, combine the graham cracker crumbs, melted butter, and sugar until the crumbs are evenly moistened. Press the mixture into the bottom and sides of a 9-inch pie tin.
Cover and chill the egg whites. In a medium bowl, combine the egg yolks, lemon juice, and condensed milk. Mix well and pour over the graham cracker crust.
Bake until stiff, about 30 minutes. Let cool to room temperature, then chill for at least 3 hours or up to overnight.
When ready to assemble the pie, preheat the oven to 350°F.
In the bowl of a stand mixer fitted with the whisk attachment, beat the egg whites and cream of tartar on high speed. With the mixer running, gradually add the sugar and beat until stiff peaks form.
Spread the meringue over the pie filling.
Bake until the meringue is golden brown, about 12 minutes. Let cool for 30 minutes, then chill for 30 minutes before serving."," Chips are used to make the cheesecake. It is lightly dusted, sprinkled with sugar, and then baked."
frogmore-stew,../data/food_images/frogmore-stew.jpg,"In a large stockpot, combine 12 cups of the water or stock, the bay leaves, Old Bay, celery, onions, garlic, and chiles and bring to a boil over high heat. Add the potatoes and cook until tender, about 15 minutes.
Add the sausage and cook until heated through, about 5 minutes. Add the corn and cook until just tender, about 3 minutes. Stir in the shrimp, scallops, and wine and cook until the shrimp are cooked through, about 4 minutes. Season with salt and pepper and pour the stew into a large serving bowl. For more casual gatherings, serve directly from the pot on the stove. Garnish each serving with cilantro and serve immediately.", In a black skillet.
very-red-velvet-cake-with-cream-cheese-icing-and-pecans,../data/food_images/very-red-velvet-cake-with-cream-cheese-icing-and-pecans.jpg,"To make the cake: Set the oven to 350°F and adjust the rack positions to the middle and top third. Spray three 8-inch round cake pans well with baking spray.
Sift the flour with the baking soda.
In a large bowl, with an electric mixer on medium speed, beat the eggs well, then beat in the sugar, oil, and vinegar. On low speed, slowly add the flour and beat in well. Add the buttermilk slowly, then the vanilla, and then the food coloring.
Pour the batter evenly into the pans and rap them on the countertop several times to eliminate any air bubbles. Bake for 12 minutes, then rotate the pans from shelf to shelf so they bake evenly and bake until the tops spring back when lightly touched, about 25 minutes altogether. Let the cakes cool in the pans on racks for 15 minutes.
Run a knife around the sides of the pans and invert the cakes onto the racks to cool completely. Once they’re cool, refrigerate the cakes for 20 to 30 minutes to make icing them easier.
To make the icing: Combine everything in a medium bowl and mix well until very smooth. It’s best to use the icing right away, when it’s soft and spreadable.
Put one cake layer upside down on a cake plate or cake stand and cover the top evenly with frosting. Add a second layer, right side up, and spread with more frosting. Top with the third layer, right side up, and spread the frosting evenly around the sides of the cake and on top; check for any places where you can see through to the cake. Finally, sprinkle the pecans evenly all over the top of the cake.
Once the frosting sets, cut into slices to serve. This cake keeps for up to 2 weeks in a cake keeper, but once it’s ready, people want to dive right in.", The cake is made with red velvet. The frosting is made with cream and sugar. You can only use one portion at a time. The cake is cut into slices.
strawberry-balsamic-shortcakes-with-olive-oil-buttermilk-biscuits,../data/food_images/strawberry-balsamic-shortcakes-with-olive-oil-buttermilk-biscuits.jpg,"To make the strawberries, toss the coined berries and cane sugar together in a bowl. Let them sit for about 20 minutes, or until they start to break down and liquefy.
Preheat the oven to 450°F (230°C or gas mark 8) and have a sheet pan lined with parchment nearby.
To make the biscuits, in a bowl, stir together the flour, baking powder, granulated sugar and salt. Drizzle over the olive oil, and gently toss with your hands until droplets of oil are dispersed evenly throughout the flour. Add the buttermilk, stirring gently and compressing with your hands until a shaggy dough is formed. Dump out onto a floured work surface and knead until it comes together into a solid mass. Roll it out into a 1¼-inch (3-cm)-thick disk. Using a 3-inch (7.5-cm) biscuit cutter, punch out 6 biscuits, folding and re-rolling the dough if needed. Place the biscuits on the lined sheet tray, brush with more buttermilk, sprinkle with raw sugar if using, and bake for 8 to 10 minutes, or until slightly puffed and golden brown. Remove the biscuits and transfer to a wire rack to cool.
To make the balsamic glaze, combine the balsamic vinegar and honey in a saucepan and bring it to a simmer. Cook over medium-low heat for 10 to 15 minutes, or until the liquid reduces by half. Set aside to cool and thicken.
To make the whipped cream topping, when you’re ready to serve, beat together the cream and honey in a stand mixer with a whisk attachment, or in a bowl with an electric mixer, until stiff peaks form, about 3 minutes. Split the cooled biscuits in half and spoon on some of the strawberries along with some of their juices so it soaks into the bottom biscuit. Top with a dollop of whipped cream, followed by a drizzle of the balsamic glaze. Top with the other half of the biscuit, and repeat with more strawberries, more cream, and another drizzle of glaze. Repeat with the rest of the biscuits, and serve immediately.", You can cook the pastry with a wire rack.
dads-peach-cobbler-lazarus-lynch,../data/food_images/dads-peach-cobbler-lazarus-lynch.jpg,"Make the crust: In the bowl of a food processor, pulse together the flour, sugar, and 2 teaspoons salt until just combined. Add the butter and pulse a few more times until the mixture is coarse but the butter pieces are still visible. Slowly add the ice water and pulse to form a dough, six to eight pulses. If the dough looks and feels very dry, add more ice water, 1 tablespoon at a time. Divide the dough in half and wrap each half tightly in plastic wrap; flatten each piece into a disc. Refrigerate the dough for 1 hour.
Make the filling: In a large bowl, mix together the peaches, sugar, flour, cinnamon, nutmeg, and a pinch of salt. Set aside.
Preheat the oven to 375ºF.
Remove the dough from the refrigerator and cut in half. On a lightly floured surface, roll it into a 9 x 13-inch rectangle, about ¼ inch thick. Set aside and repeat with the second piece of dough.
Line a 9 x 13-inch baking dish with one of the dough rectangles, pressing any excess dough against the sides of the dish. Pour in the peach filling and spread it evenly. Place the second rectangle of dough on top of the peaches and tuck the excess dough into corners. Brush the dough with the beaten egg and sprinkle with cinnamon and sugar. Pierce the top with the tip of a sharp knife in several places to allow steam to escape while baking. Bake until the top crust is golden brown, about 1 hour 15 minutes. Let cool on a rack before serving. Serve with ice cream.", Peach and vanilla quiche.
strawberry-coconut-cake,../data/food_images/strawberry-coconut-cake.jpg,"Preheat your oven to 350°F. Liberally prepare 3 9-inch round pans with the nonstick method of your choice.
In the bowl of your stand mixer fitted with the whisk attachment, cream together the granulated sugar and butter on medium-high speed until nice and fluffy, about 6 minutes.
Meanwhile, place the strawberries in your food processor and purée until smooth. Set aside.
With your stand mixer running, add the eggs 1 at a time, combining well after each addition and scraping down the sides and bottom of the bowl as needed.
Change your mixer speed to medium-low and add the strawberry purée slowly into the batter. Continue mixing while you tend to the dry ingredients.
In a separate medium bowl, whisk together the flour, baking powder, and salt. Slowly add ½ of the flour mixture to your stand mixer bowl. Continue to mix on low speed to combine.
Meanwhile, in a small bowl, whisk together the sour cream and oil and add to your stand mixer bowl.
Pour in the remaining flour mixture and continue to mix on low until well incorporated. Add the vanilla extract, strawberry extract, and food coloring, if using. Scrape down the sides and bottom of the bowl and mix the batter until just combined. Be careful not to overmix.
Evenly pour the batter into the prepared pans and bake for 23 to 28 minutes, or until a toothpick inserted into the center of a layer comes out clean.
Let the layers cool in the pans for 10 minutes, then invert onto wire racks. Let cool to room temperature. Lightly cover the layers with foil or plastic wrap so they do not dry out.
Clean your stand mixer bowl and whisk attachment. Beat the cream cheese on high speed until it begins to thicken and become fluffy.
Turn your mixer down to low speed and carefully add the confectioners’ sugar. Once the sugar is fully incorporated, turn your mixer speed back to high and continue whipping.
Add the heavy cream; vanilla extract; coconut extract, if using; and salt and continue to mix until a smooth, light, and fluffy frosting is achieved.
Once the layers are completely cooled, place 1 layer on a serving plate. Spread just the top of the layer with ⅓ of the frosting. Add the second layer and spread with another ⅓ of the frosting. Add the final layer, bottom-side up, and spread with the remaining frosting. Frost the top and the side of the cake. Gently pat the side and the top of the cake with coconut flakes. Serve at room temperature."," In this case, it is not possible to use a standard cooking method. However, you could consider making it with a traditional cake, as it is a classic dessert."
jubilee-sorrel-hibiscus-tea,../data/food_images/jubilee-sorrel-hibiscus-tea.jpg,"In a large saucepan, bring 2 quarts water, the hibiscus, ginger, cinnamon, cloves, and orange and lemon zests to a boil over medium heat. Boil for 5 minutes. Remove from the heat. Add the lemon juice, cover tightly, and let stand for 1 to 2 days at room temperature. Strain and discard the solids. Sweeten to taste with demerara sugar, honey, or agave nectar. Chill thoroughly. Serve over ice and garnish with mint."," To cook this dish, you should let it simmer until it's a beautiful shade of red. Then, you can serve it with a nice lemon wedge and some fresh herbs."
tea-cakes,../data/food_images/tea-cakes.jpg,"In a bowl, whisk together the flour,baking powder, baking soda, salt, and nutmeg.
In a stand mixer fitted with the paddle attachment, cream together the butter and sugar on medium speed until light and fluffy, 2 to 3 minutes. Scrape down the sides of the bowl. Add the eggs, one at a time, beating well after each addition. Scrape down the sides of the bowl again, then beat in the buttermilk and vanilla.
Gradually add the flour mixture, beating just until smooth and well blended. Divide the dough in half. Flatten each half into a disc. Wrap in plastic and refrigerate until chilled and slightly stiff, at least 1 hour, but overnight ideally.
Preheat the oven to 375°F. Line baking sheets with parchment paper.
On a lightly floured surface, working with one portion at a time, roll the dough to a ¼-inch thickness. Cut with a floured 1½-inch round biscuit cutter. Gather the scraps, reroll, and cut again. Sprinkle lightly with demerara sugar. Transfer the tea cakes to the baking sheets and space them about 1 inch apart.
Bake until the tea cakes are lightly browned, 8 to 10 minutes. Cool on the pan for 1 minute, then transfer to a wire rack to cool completely. The tea cakes will keep for about 2 weeks in an airtight container."," Put them in a pot, and let them simmer."
strawberry-rhubarb-crisp-back-in-the-day,../data/food_images/strawberry-rhubarb-crisp-back-in-the-day.jpg,"Position a rack in the lower third of the oven and preheat the oven to 350°F. Butter a 9-inch deep-dish pie plate and line a baking sheet with parchment.
To make the topping: In a medium mixing bowl, stir together the flour, brown sugar, rolled oats, cornmeal, cinnamon, salt, butter, and oil with a fork until completely blended. Set aside. To make the filling: In another medium bowl, combine the strawberries and rhubarb with the turbinado sugar, flour, and cornstarch, stirring to coat the fruit.
Pour the fruit mixture into the prepared pie plate. Sprinkle the topping evenly over the fruit mixture. Place the pie plate on the prepared baking sheet. Bake for 40 to 45 minutes, until the fruit is bubbling around the edges and the top is golden brown and crispy. Let cool slightly.
Serve the crisp warm. It is best served the same day, but it can be covered with plastic wrap and refrigerated for up to 3 days."," To cook this dish, you should mix 1/3 sugar and 1/2 butter, then mix in the ingredients until everything is combined. Once mixed, you can cook in a pan until the top is golden brown."
pulled-pork-sandwiches-big-hurt-bbq,../data/food_images/pulled-pork-sandwiches-big-hurt-bbq.jpg,"Add paprika, chili powder, cumin, brown sugar, salt, oregano, sugar, black pepper, and cayenne pepper to a small bowl and mix to combine. Rub the mixture into the pork roast, then wrap meat tightly with two layers of plastic wrap and refrigerate for at least 3 hours.
About 1 hour prior to cooking, unwrap the roast and let it come to room temperature. At the same time, soak 3-4 cups of wood chunks in cold water and then drain.
Heat the vegetable oil in a saucepan over medium heat, then cook the onion and garlic for about 5 minutes. Add the ketchup, vinegar, Worcestershire sauce, sugar, chili powder, and cayenne pepper, then reduce the heat and simmer until the sauce has thickened, about 20 minutes. Transfer to a bowl and set aside.
Preheat grill to high. Place the wood chips in a smoker box or vented foil pouch and heat until they begin to smoke. Turn the heat down to medium. When your grill is about 250 degrees, place the pork on the grill and cook until it is fork-tender and the internal temperature reaches 165 degrees, about 5-6 hours. Rotate the meat every 45 minutes.
Transfer the pork to a rimmed baking sheet. When cool enough to handle, use two large forks to shred the meat into bite-size pieces. Mound the meat onto a platter and toss with 1 cup of the barbecue sauce. Serve the remaining sauce with the buns of your choice.", I would use a wood-fired oven. It will help to bake this dish well.
new-age-church-punch-up-south-cookbook,../data/food_images/new-age-church-punch-up-south-cookbook.jpg,"Preheat oven to 400°F.
Cut the top and bottom of pineapple. Next, sit the fruit upright and cut down the sides. Flip the pineapple on its side cut in half.
Cut into ½-inch round slices. Sprinkle pineapple slices with salt, ginger, and brown sugar. Place slices on parchment paper or Silpat (nonstick baking mat) on baking sheet or jelly roll pan. Roast for 25 minutes.
Transfer pineapple slices to Vitamix or food processor, pulse until liquid is loose and foamy. The fragrance will be bright. Set aside.
Place water in a large stockpot, over medium-high heat. After coming to a boiling, drop in hibiscus leaves. Cover and let brew for 10 minutes.
Stir in sugar and turn off heat. Let completely cool.
Add lime juice, 2 cups of the roasted pineapple juice, rum, and ginger beer. Stir well. Transfer to punch bowl.
Place scoops of lime sorbet in punch bowl, if desired. The mixture will slightly foam. The sorbet will make the punch a tad sweeter."," To cook this dish, I would use a wooden spoon to stir the ingredients and add the juice."
fried-green-tomatoes-up-south-cookbook,../data/food_images/fried-green-tomatoes-up-south-cookbook.jpg,"Sprinkle tomato slices with 1 teaspoon salt and 1 teaspoon pepper, pour buttermilk into a shallow bowl. Place the tomatoes in and soak for 15 minutes.
Combine ¼ teaspoon salt, ¼ teaspoon pepper, cornmeal, flour, onion powder, smoked paprika, and red pepper flakes in a large bowl. Whisk well. Dredge both sides of the tomatoes in the mixture.
Place oil in a large skillet over high heat. Heat until an instant-read thermometer reads 350°F. Carefully drop tomatoes in the oil (work in batches). Cook about a minute on each side or until golden brown. Remember to let the oil reach the 350°F mark before dropping more fritters, and don’t crowd the pan.
Transfer to jelly roll sheet with cooling rack on top."," The dish can be cooked in a pan or a fry pan. It can also be baked, simmered, or boiled. The ingredients include apples, and the cooking method is described by the image."
white-russian-simonson-3-ingredient-cocktails,../data/food_images/white-russian-simonson-3-ingredient-cocktails.jpg,"Combine all the ingredients in a cocktail shaker filled with ice and shake until chilled and well integrated, about 15 seconds. Strain into a chilled Old-Fashioned glass.", Heat a medium saucepan with a little oil. Stir until the sauce has been stirred. Lower the heat until the sauce has a golden brown. Remove from heat and serve.
roasted-strawberry-layer-cake-new-way-to-cake,../data/food_images/roasted-strawberry-layer-cake-new-way-to-cake.jpg,"Preheat the oven to 350°F (180°C). Grease the base and sides of three deep, round 6-inch (15-cm) cake pans and line the bottoms with parchment paper.
To make the cake, sift together the flour and baking powder in a large bowl, and set aside. Mix the milk and elderflower cordial in a small bowl and set aside. Using a stand mixer or electric whisk, beat the butter, sugar and lemon zest for 5 minutes, or until pale and fluffy. Add the eggs one at a time, beating well after each addition. If the mixture looks like it’s starting to curdle, add 1 tablespoon (8 g) of the flour mixture. Turn the mixer speed to low and add half of the flour mixture followed by the milk and elderflower. Stir in the remaining flour and divide the batter equally into the prepared cake pans. Bake the cakes for 35 to 37 minutes, or until a toothpick inserted in the center comes out clean. Let the cakes cool in their pans for 10 minutes before turning them out onto a wire rack to cool completely. Once cool, wrap them tightly in plastic wrap and place in the fridge to firm up.
To make the purée, preheat the oven to 375°F (190°C). Slice the stems off the strawberries, cut them in half and put them into a baking dish. Toss the fruit with the sugar and vanilla. Roast the strawberries in the oven for 30 to 40 minutes, stirring once halfway. The strawberries are done once they are soft and fragrant and the juices have turned into a syrup. Leave the strawberries to cool completely before transferring them to a food processor or blender and pulsing until smooth. Store in an airtight container in the fridge until you’re ready to use it.
To make the buttercream, add the egg whites and sugar to the bowl of a stand mixer or a heatproof bowl. Make sure there are no traces of grease in the bowl as this will stop the meringue from whipping up. Place the bowl over a saucepan of simmering water, making sure that the base doesn’t touch the water. Whisk the eggs and sugar constantly until the mixture reaches a temperature of about 150°F (65°C). If you don’t have a thermometer, rub a little of the mixture in between your fingers. The eggs should be hot to the touch with all the sugar dissolved.
Remove the bowl from the heat and start whisking the egg whites on high speed in a stand mixer fitted with the whisk attachment or with an electric whisk. Beat until the whites are thick and have doubled in volume. Once the bowl is cool to the touch and with the mixer still running, add the butter a piece at a time. The meringue will deflate and will start to look a little runny or curdled. Don’t panic—this is normal. Continue beating until you have added in all of the butter and the mixture is smooth and glossy. If after 10 minutes, your meringue buttercream is still soupy, chill it in the fridge for 20 minutes and then beat again. Add about 1/2 cup (125 g) of the strawberry puree and beat the buttercream for 2 minutes, or until smooth. Leave the buttercream at room temperature until you are ready to assemble.
Unwrap the cakes from the fridge and if any of them are domed, level them with a serrated knife or a cake leveler. All the layers need to be completely flat to ensure you don’t end up with a wonky cake. Brush each cake layer with 2 tablespoons (30 ml) of elderflower cordial. Place one layer of cake on a cake board and put this board on a turntable, if using. If your buttercream has firmed up, whip it up again in the mixer until smooth. Add a scoop of buttercream and spread it out evenly with an offset spatula, pushing the buttercream right to the edge (it’s fine if it spills over). Place the next layer on top of the first, but this time add about 1 tablespoon (8 g) of strawberry purée on top of the buttercream layer, leaving about 1 inch (2.5 cm) clear around the edge. Place the last layer topside down to give you a perfectly flat top.
Frost the top and sides of the cake with a thin layer of buttercream. Smooth the edges as much as you can with a bench scraper or palette knife. This is the crumb coat layer that will trap any stray crumbs and act as a base for the next layer. Place the cake in the fridge for 20 minutes to firm up before adding another layer of buttercream on the top and sides. Fill a piping bag fitted with an open star nozzle (I’ve used Wilton 8B) with any remaining buttercream and pipe swirls across the edge to make a wreath. Top the cake with fresh strawberries, a drizzle of any leftover puree and fresh elderflower (if in season).", This dish is a combination of strawberries and vanilla. It is topped with a chocolate cake under the strawberries.
jerk-baby-back-ribs-brown-sugar-kitchen,../data/food_images/jerk-baby-back-ribs-brown-sugar-kitchen.jpg,"To make the jerk marinade: In a medium bowl, combine the onion, soy sauce, oil, vinegar, water, and jalapeño. (To make ahead, refrigerate in an airtight container for up to 3 days.)
To make the habanero vinegar: In a food processor, com¬bine the habanero chile and vinegar and purée until smooth. Pour into a small bowl. (To make ahead, refrigerate in an airtight container for up to 1 month.)
To make the pineapple glaze: In a small saucepan, combine the pineapple juice and brown sugar. Bring to a boil over medium heat and cook until sauce is thick and reduced to about one-third, about 15 minutes. (To make ahead, refrigerate in an airtight container for up to 3 days.)
To make the pineapple salsa: In a medium bowl, combine the pineapple, onion, jalapeños, bell pepper, cilantro, oil, and lime juice. Season with salt. (To make ahead, refrigerate in an airtight container for up to 8 hours.)
To make the jerk spice rub: In a small bowl, combine the garlic powder, onion powder, allspice, salt, nutmeg, chile powder, cinnamon, cayenne, and black pepper in a small bowl.
Use a butter knife to pry the membrane off the bone side of the ribs. Once you get a piece of the membrane loose, grab it with a paper towel and pull it toward the other end of the slab to remove it. Rub the Jerk Spice Rub evenly over the ribs. Arrange the ribs in a 15-by-10-in/38-by-25-cm baking pan. Pour the Jerk Marinade over the ribs, turning to coat both sides. Cover baking pan with aluminum foil and refrigerate for at least 6 hours and up to 24 hours.
Remove ribs from marinade, letting the excess drip off. Transfer the ribs to a baking sheet and allow to come to room temperature, about 30 minutes. Brush with the Habanero Vinegar.
To cook ribs using a charcoal grill: Prepare grill for indirect cooking over medium heat. Place a shallow metal pan filled with water in the center of the grill and arrange the hot coals around it. Lightly oil the grill grates. Place the ribs on the grate directly above the water-filled pan, cover the grill, and cook until tender, 1 1/2 to 2 hours. Add coals as needed to maintain medium heat.
To cook ribs using a gas grill: Preheat the grill with all the burners on high. Lightly oil the grill grates. Place the ribs on the grate, turn off the burner directly under the ribs, and reduce the other burners to medium heat. Cover the grill and cook until tender, 1 1/2 to 2 hours.
After 45 minutes, brush the ribs with some of the Pineapple Glaze, and brush them two or three times before serving. Do not flip the ribs during cooking. When the ribs are done, they will be well browned and the meat will have shrunk back from the ends of the bones. Transfer ribs to a cutting board and let stand 5 minutes before cutting rack into individual ribs. Serve warm with the Pineapple Salsa.", I would like to know which cooking method to use. I would cook it in a pan with oil or toaster. I would also like to add a bit of salt and pepper on top.
habanero-bbq-shrimp-son-of-a-southern-chef,../data/food_images/habanero-bbq-shrimp-son-of-a-southern-chef.jpg,"In a small bowl, mix together the apricot preserves, lime juice, habanero, soy sauce, garlic, and ginger. Transfer half the sauce to a large zip-top bag and add the shrimp. Seal the bag and refrigerate for 10 minutes.
Heat a grill to high or heat a large grill pan over high heat. Brush the grates or the pan with oil. Soak bamboo skewers in water and a wedge lime.
Thread 5 shrimp onto a bamboo or metal skewer (discard the sauce in the bag) and grill until charred on both sides, 4 to 5 minutes. Do not overcook, please.
Serve with the remaining sauce on the side for dipping and lime wedges.", Serve it with lime wedges.
cornbread-muffins-with-whipped-sweet-corn,../data/food_images/cornbread-muffins-with-whipped-sweet-corn.jpg,"Make the muffins: Preheat the oven to 400°F. Generously coat nine wells of a standard muffin tin with coconut oil.
Put the dates in a small heatproof bowl and cover with boiling water. Let soak for about 5 minutes. Drain the dates, reserving the soaking liquid, and transfer them to a food processor. Add 1 tablespoon of the reserved soaking liquid and process, scraping down the sides and adding more of the reserved soaking liquid if necessary, until mostly creamy but with a few chunks remaining.
Place the prepared muffin tin in the oven to heat for 5 minutes. Meanwhile, in a large bowl, sift together the cornmeal, flour, sugar, baking powder, and salt. Whisk until blended.
Put the flaxseeds and 6 tablespoons water in a medium bowl and whisk until well blended. Whisk in the pureed dates and the coconut oil until smooth. Whisk in the oat milk until well combined. Add the oat milk mixture to the cornmeal mixture and stir until just combined.
When the muffin tin is hot, remove it from the oven and immediately scrape the batter into the prepared muffin cups, distributing it evenly among them (they should be a little over three-quarters full).
Bake until the muffins are golden brown, 16 to 18 minutes. Let cool in the tin for about 10 minutes, then transfer to a wire rack to cool a bit more.
Make the whipped sweet corn: While the muffins are cooling, in a large skillet, melt the butter over medium heat. Add the onion and sauté, stirring often, until soft, 3 to 5 minutes. Add the corn, sugar, and salt and cook, stirring often, until the corn is just tender, about 5 minutes.
Scrape the contents of the skillet into a food processor. Add the cashew cream and process until silky smooth, adding water as necessary to reach the desired consistency. Taste and season with lemon juice, salt, and white pepper. Transfer to a serving bowl. Serve the warm muffins slathered with whipped sweet corn and topped with pepper jelly.", Cook until the cheese melts and the chocolate chunks are melted and the muffins are browned.
apple-and-kohlrabi-coleslaw-vegetable-kingdom,../data/food_images/apple-and-kohlrabi-coleslaw-vegetable-kingdom.jpg,"Combine the cabbages in a large bowl. Sprinkle with 2 teaspoons of the kosher salt. With clean hands, massage the cabbage until soft and wilted, about 3 minutes. Transfer the cabbage to a colander set in the sink and rinse the bowl. Put a plate on top of the cabbage and weight it (a 28-ounce can of tomatoes works well for this). Let sit for 1 hour. Rinse the cabbage in cold water and let drain for 20 minutes. Wipe the bowl with a clean kitchen towel.
Return the cabbage to the bowl and add the kohlrabi, apples, and minced parsley. Toss well to combine. Set aside.
In a blender, combine the lime juice, vinegar, shoyu, sugar, and ¼ teaspoon salt. With the blender running, slowly pour in the safflower oil through the hole in the lid and blend until emulsified. Season with salt and white pepper to taste.
Pour enough of the dressing over the salad to lightly coat, toss, and garnish with the parsley leaves, then serve."," To cook this dish, you can use a variety of cooking methods, such as steaming, grilling, or roasting. For steaming, place the salad ingredients in a covered container and cover the base with a netted lid. For grilling, grill the salad ingredients on a grill pan with charcoal or wood on one side and let it cook for a few minutes. For roasting, use a roasting pan or grill grinder and stir the salad ingredients until just before the bottom happens to be brown.

For cooking methods like steaming and roasting, you may need to use a smaller pot for the salad to reduce the risk of becoming too full of water. You can also place the salad ingredients on a separate plate to keep them moist and reduce the chance of becoming too full of water."
lemony-glazed-yogurt-doughnuts,../data/food_images/lemony-glazed-yogurt-doughnuts.jpg,"Whisk baking powder, 2 cups flour, and 1 tsp. salt in a medium bowl to combine. Whisk egg yolks, yogurt, granulated sugar, butter, and vanilla in a large bowl until smooth. Add dry ingredients to egg mixture with a spoon or rubber spatula until dough comes together and is smooth with no spots of dry flour remaining.
Turn out dough onto a well-floured large sheet of parchment or wax paper (you can be generous with the flour since you’ll brush off the excess later). Dust dough with more flour, place another large sheet of parchment or waxed paper over, and roll to ½"" thick. Remove top sheet of parchment and brush off any excess flour with a dry pastry brush.
Punch out circles with a 3½""-diameter biscuit or cookie cutter, glass, or mug. Punch out centers of rounds with a 1""-diamter cutter or plastic twist-off bottle cap (or poke a hole with a chopstick, then gently pull hole open to widen the center). Reroll any scraps and punch out additional doughnuts and holes.
Fit a large pot with thermometer; pour in oil to come 1½"" up the sides of the pot. Heat over medium-high until thermometer registers 350°F. Fry doughnuts, turning halfway through, until puffy and a color somewhere between golden brown and mahogany, about 4 minutes total (time will be slightly less for doughnut holes). Using a spider or slotted spoon, transfer to a wire rack and let cool 10 minutes.
Meanwhile, whisk lemon zest, powdered sugar, a tiny pinch of salt, and ¼ cup water in a small bowl until a smooth glaze forms.
Dip each side of doughnuts and holes into glaze, letting excess run off before returning to rack. Eat as soon as you can’t stand the suspense anymore.", The dough is not yet baked. So the recipe for the dough should be prepared.
trail-mix-cookies,../data/food_images/trail-mix-cookies.jpg,"Place racks in upper and lower thirds of oven; preheat to 350°F. Toast nuts and seeds and oats on a rimmed baking sheet, tossing once, until golden brown, 10–12 minutes. Transfer to a medium bowl; let cool.
Meanwhile, mix egg, butter, brown sugar, granulated sugar, vanilla, salt, and baking soda in a large bowl; let sit until nuts are cool (this will make for a chewier cookie).
Add dried fruit and chocolate to nut mixture; toss to combine. Give egg mixture a good stir, then stir in flour. Mix in nut mixture, smashing it against the sides of the bowl with a rubber spatula, until combined and mix-ins are evenly coated in dough. (It will look like too many mix-ins, but dough will come together as it chills.) Cover and chill at least 2 hours and up to 3 days.
Reheat oven to 350°F. Using a ⅓-cup measure or #16 cookie scoop, portion out dough, packing firmly, to make 12 cookies. Divide between 2 parchment-lined baking sheets as you go. Using measuring cup or your hand, press cookies into 2½""-diameter disks about ¾"" thick; sprinkle with sea salt.
Bake cookies, rotating baking sheets top to bottom and front to back once, until golden brown and no longer wet-looking, 11–13 minutes. Let cool on baking sheets.
Do Ahead: Cookies can be made 1 week ahead. Store airtight at room temperature.", Let's heat up the pan to the right to cook the cookies.
ranch-fun-dip-with-crudites,../data/food_images/ranch-fun-dip-with-crudites.jpg,"Toast pistachios in a medium skillet over medium heat, shaking and tossing often, until golden brown, about 4 minutes. Transfer to spice mill or mortar and pestle and let cool.
Add nutritional yeast and salt to pistachios and grind or pound until the texture of coarse meal. Transfer to a small bowl and mix in Aleppo-style pepper, dill, sugar, onion powder, and garlic powder.
Serve dip with crudités.
Do Ahead: Ranch Fun Dip can be made 2 weeks ahead. Store airtight at room temperature."," I assume you meant to use a pan, but I cannot find this information."
whole-wheat-oat-waffles,../data/food_images/whole-wheat-oat-waffles.jpg,"Bring lemon zest, sugar, and ⅔ cup water to a boil in a heavy medium saucepan, stirring until sugar dissolves. Cook (do not stir) until a thin syrup forms, 6–8 minutes. Add blueberries and bring to a simmer. Reduce heat to medium; cook, stirring constantly, 2 minutes.
Transfer 2 Tbsp. syrup to a small bowl, add cornstarch, and stir until smooth. Add back to syrup; simmer until thickened, about 1 minute. Remove from heat. Fish out lemon zest and discard. Squeeze in lemon juice to taste and let cool slightly.
Whisk flour, oats, baking powder, baking soda, and salt in a large bowl. Make a well in the center and add yogurt, then melted butter, then egg to well. Using a fork, stir together wet ingredients, then mix, incorporating dry ingredients a little at a time, until a lumpy batter forms.
Heat waffle iron on medium-low. Lightly coat with nonstick spray and pour a heaping ½ cup batter onto iron (or up to 2 cups if using a larger one). Cook until waffles are golden brown and cooked through, about 5 minutes. (Keep warm on a baking sheet in a 300° oven if desired.) Repeat with remaining batter, coating iron with more nonstick spray as needed. Serve with butter and warm syrup."," Place waffle on plate. Mix butter, blueberries, and red berry sauce on top. Serve."
salted-pistachio-crumbles-with-berries-and-ice-cream-sundae,../data/food_images/salted-pistachio-crumbles-with-berries-and-ice-cream-sundae.jpg,"Place a rack in upper third of oven; preheat to 350°F. Spread out pistachios on a rimmed baking sheet and toast, tossing halfway through, until slightly golden brown, 6–8 minutes. Let cool; pulse in a food processor until mostly finely ground but with some larger pieces remaining.
Mix pistachios, flour, sugar, cornmeal, and 1 tsp. salt in a large bowl, then drizzle in butter and work in with your fingers or the handle of a wooden spoon until small pebble- to pea-size clumps form. Scatter crumble over a parchment-lined rimmed baking sheet, trying not to break it up too much, and bake, tossing halfway through, until golden brown, 20–25 minutes. Let cool.
Meanwhile, toss strawberries, lemon juice, cardamom, and a pinch of salt in a medium bowl to combine.
Heat honey in a small skillet, stirring, until it begins to bubble and darkens slightly, about 4 minutes. Remove from heat and scrape into strawberries. Toss, until honey is evenly distributed (it’ll be sticky in the beginning but will eventually dissolve). Let sit, tossing occasionally, until berries release their juices, about 15 minutes.
Scoop ice cream into bowls. Spoon strawberries and their juices over; scatter crumble on top."," To cook the dessert, it is recommended to cook it in a pan or under the broiler while it is on the stove."
grilled-pork-shoulder-steaks-with-herb-salad,../data/food_images/grilled-pork-shoulder-steaks-with-herb-salad.jpg,"Blend chopped shallots, garlic, ⅓ cup fish sauce, ⅓ cup lime juice, and 2 Tbsp. brown sugar in a blender until smooth.
Season steaks lightly with salt (the fish sauce will also season the steaks). Transfer to a large bowl or a 12x9"" baking dish. Pour marinade over and turn steaks with tongs to coat evenly. Let sit at room temperature 1 hour, or cover and chill up to 12 hours, turning once (halfway through if you can).
Preheat a grill to high heat. Grill steaks, turning every minute or 2, until lightly charred and crisp and an instant-read thermometer inserted into the thickest part registers 140°F, 7–9 minutes. Transfer steaks to a cutting board and let rest at least 5 minutes before thinly slicing.
Meanwhile, mix chiles, remaining 3 Tbsp. fish sauce, remaining 3 Tbsp. lime juice, remaining 1 Tbsp. brown sugar, and 1 Tbsp. water in a large bowl to combine. Add sliced shallots and herbs and toss to coat; season lightly with salt.
Arrange sliced meat on a platter and scatter herb salad over."," Grilled meat is a dish that uses grilled meat as the primary ingredient. It typically includes grilled chicken, turkey, or beef and is cooked to a crispy texture. However, this can also be seasoned with herbs and spices."
crispy-turmeric-and-pepper-baked-chicken-wings,../data/food_images/crispy-turmeric-and-pepper-baked-chicken-wings.jpg,"Finely grind peppercorns, turmeric, sugar, and salt in spice mill, then transfer spice mix to a small bowl. Arrange chicken wings on a foil-lined rimmed baking sheet. Sprinkle wings all over with spice mix. Reserve bowl.
Mix ginger, garlic, and oil in reserved bowl, then drizzle over wings. Using tongs or your hands, turn wings to coat and let sit at room temperature at least 30 minutes, or cover and chill up to 1 day.
Place baking sheet with chicken wings in a cold oven; preheat oven to 425°F. Bake wings until golden brown and foil is stained with turmeric, 30–35 minutes. Using tongs, turn wings over and continue to cook until skin is crisp and wings are starting to char around the edges, another 30–40 minutes.
Transfer wings to a platter and serve with lemon wedges alongside for squeezing over.", Place the lemon slices on right side and place the rest of the dish in the bowl.
flatbread-with-avocado-and-scallion-salsa,../data/food_images/flatbread-with-avocado-and-scallion-salsa.jpg,"Stir sugar into ¾ cup warm water in a large bowl. Sprinkle in yeast and let sit until foamy, about 10 minutes.
Add flour, yogurt, oil, and kosher salt to sugar mixture and mix until a shaggy dough forms (don’t worry about any dry or unincorporated bits). Cover bowl with a damp kitchen towel and let sit in a warm, dry spot until doubled in size, about 1 hour.
While the dough is rising, toast coriander seeds and cumin seeds in a dry medium skillet over medium heat, shaking often, until fragrant and slightly darkened in color, about 3 minutes. Transfer to a spice mill. Let cool, then coarsely grind. Set spice mixture aside.
Place scallions and 1 Tbsp. oil in skillet, season with kosher salt, and cook, turning occasionally, until softened and deeply charred, about 4 minutes. Transfer to a cutting board; trim roots and discard. Finely chop scallions and place in a medium bowl. Add reserved spice mixture, chile, and parsley. Finely grate half of lemon zest into bowl, then cut lemon in half and squeeze in juice. Add 1 cup oil and stir well to combine. Season with kosher salt and let sit while you make the flatbreads.
Turn out dough onto a lightly dusted surface and divide into 8 equal pieces. Form into balls and, working with 1 ball at a time, roll out into 6"" rounds about ¼"" thick.
Heat 1 Tbsp. oil in a large skillet over medium-high. Working 1 at a time and adding remaining 2 Tbsp. oil as needed, cook flatbread until bubbles appear over the surface, about 1 minute. Flip and cook until cooked through, about 1 minute. Continue to cook, turning often, until browned in spots on both sides, about 1 minute longer. Transfer to a plate and wrap up in a clean kitchen towel to keep warm.
To serve, brush each flatbread with oil. Coarsely smash avocados onto flatbread and spoon salsa over. Sprinkle with sea salt if desired."," To cook the chickpea salad, first chop the chickpeas and onion. Then cook them until the cashews are crispy. Then, sprinkle them with olive oil, salt, and pepper. Finally, add a dash of lemon juice and a squeeze of fresh lime juice. Let the salad rest for about 30 minutes. Once it is ready, serve with a scoop of peanut butter or honey, and fresh onions."
charred-peppers-with-lemon-ricotta-and-cucumbers,../data/food_images/charred-peppers-with-lemon-ricotta-and-cucumbers.jpg,"Place a rack in upper third of oven; preheat to 350°F. Spread out walnuts on a rimmed baking sheet and toast, tossing halfway through, until golden brown, 8–10 minutes. Let cool, then crush into large pieces with a flat-bottomed measuring cup or glass.
Meanwhile, heat 2 Tbsp. oil in a large skillet, preferably cast iron, over medium-high. Cook peppers, shaking pan and turning peppers occasionally, until skins are lightly charred and flesh is tender, 6–8 minutes. Transfer peppers to a cutting board and let cool slightly. If peppers are large, cut in half lengthwise.
Combine ricotta and 2 Tbsp. oil in a small bowl; finely grate zest from lemon over and mix well. Season lemon ricotta with salt. Set lemon aside.
Combine peppers, cucumbers, mint, and half of walnuts in a large bowl. Cut reserved lemon in half and squeeze juice into bowl. Drizzle in 2 Tbsp. oil, season with salt, and toss to coat.
Transfer pepper mixture to a platter along with any juices in the bottom of bowl. Dollop lemon ricotta over and top with remaining walnuts. Drizzle with more oil and season with black pepper.", The dish should be cooked. It is served on a plate.
radishes-with-creme-fraiche-and-furikake,../data/food_images/radishes-with-creme-fraiche-and-furikake.jpg,"Finely grind nori in spice mill; transfer to a small bowl and mix in red pepper flakes, sesame seeds, and 1 tsp. sea salt. Using a Microplane, finely grate zest of lemon half into bowl and use your fingers to work it into nori mixture (this will keep the zest from clumping). Set lemon half aside.
Cut radishes into a mix of ¼""-thick rounds and 1""-thick wedges, depending on their size (you just want pieces that are easy to pick up and eat).
To serve, spoon crème fraîche onto one side of a platter or large plate and sprinkle furikake over. Pile up radishes on the other side of the platter. Squeeze juice from reserved lemon half over radishes and sprinkle with a bit of sea salt."," You can use a combination of olive oil, lemon juice, salt, and sugar to make a Caesar salad. Add cubed radish pieces to top and serve it."
summer-tomato-and-ricotta-tart-with-oat-pastry,../data/food_images/summer-tomato-and-ricotta-tart-with-oat-pastry.jpg,"Preheat oven to 180°C (350°F). Place the oats, chia seeds and salt in a food processor and process for 1 minute or until the mixture resembles fine breadcrumbs. Add the flour and almond meal and pulse to combine.
Place the oil and water in a small jug and whisk to combine. With the food processor running, gradually add the oil mixture to the oat mixture and process until well combined but still crumbly.
Spoon the pastry into a 24cm-based 3cm-high (9½ in x 1 in) round loose-based fluted tart tin and press firmly over the base and sides until smooth. Prick the pastry base all over with a fork and bake for 20 minutes or until light golden.
While the tart shell is baking, place the ricotta, lemon zest, Parmesan, salt and pepper in a large bowl and mix to combine.
Allow the tart shell to cool completely before carefully lifting it from the tin. Place on a serving plate and fill with the ricotta mixture. Top the tart with the tomato and basil. Drizzle with oil, sprinkle with salt and pepper and slice into wedges to serve.", I will carefully slice it and cook it until it is golden brown.
fruit-galette,../data/food_images/fruit-galette.jpg,"Stir together the flour, sugar, and salt, then add the cold butter and toss to combine. Use your fingers to rub the butter into the flour, pinching it between your thumbs and fingers until you’ve got a ragged mixture with irregular pieces of butter still intact, the largest about the size of an almond. Sprinkle 3 tablespoons of the ice water over the mixture and use a fork to quickly incorporate. Keep adding water by the ½ tablespoon until it appears just moistened—a dough that’s too wet will lead to a tough crust, so err on the side of it seeming a little dry. Dump the mixture onto a piece of plastic wrap. Working from the outside of the plastic, shape it into a flat disc. Wrap, then refrigerate for at least 30 minutes and up to overnight.
Preheat the oven to 375°F.
Using the same bowl as for the crust, combine the fruit, 3 tablespoons of the sugar, and the salt. In a small bowl, stir together the flour and remaining 1 tablespoon sugar.
Place the chilled dough on a lightly floured work surface and roll into a circle about 13 inches in diameter. Roll from the center, rotating 90 degrees after each roll, and adding a bit more flour as needed if the dough sticks. Drape the rolled dough over a rolling pin and transfer to a parchment-lined baking sheet. Spread the flour-sugar mixture evenly over the dough, leaving a clean rim of about an inch, and pile the fruit on top. Fold the crust around over the fruit, pleating rustically as you go. Brush the exposed pastry with water, then sprinkle generously—over the crust and the fruit, too—with sugar. Transfer to the oven and bake until the fruit juices are bubbling in the center and the crust is golden, 50 to 60 minutes, or more depending on the fruit.
Serve warm, with fresh whipped cream or ice cream, or cold, perhaps for breakfast, with yogurt.", You can use either a wooden or electric oven to cook the dish. The batter can be made from flour and water. You can cook the batter with either an electric oven or a wood-burning stove. The batter can be cooked on a gas stove or gas oven. The batter can also be cooked in a slow cooker. You can also cook the dish in a microwave. The batter can be cooked in a dutch oven or a pot. You can cook the batter in a dutch oven or a pot.
savory-zucchini-beer-bread,../data/food_images/savory-zucchini-beer-bread.jpg,"Toss the zucchini with 1/2 teaspoon of the salt in a colander and let stand for 15 minutes. Gather it up in your hands and squeeze out as much moisture as you can.
Preheat the oven 375°F. Generously grease an 8 x 4-inch loaf pan.
Whisk together the flour, baking powder, remaining 1/2 teaspoon salt, the sugar, and black pepper. Add the zucchini, scallions, coarsely shredded cheese, and 1/4 cup of the olive oil, folding to combine, then pour in the beer. Let stand for a few minutes as the dry ingredients absorb the beer, then fold gently until everything is moistened. It’ll be a dense and tacky batter. Scrape into the prepared pan.
Drizzle with the remaining 1 tablespoon olive oil and sprinkle with the finely shredded cheese. Transfer to the oven and bake until set in the center and a tester comes out clean, 75 to 80 minutes. Cool in the pan for 10 minutes, then unmold. This bread can be served warm (though it’ll be a bit gooey inside) and should be eaten within a day or two, stored loosely covered at room temperature.", I would like some more information.
khara-huggi-or-pongal-chitra-agrawal-vibrant-india,../data/food_images/khara-huggi-or-pongal-chitra-agrawal-vibrant-india.jpg,"Wash the rice in several changes of water until the water runs clear. Soak the rice in water, generously covered, for at least 30 minutes. (This is optional but results in softer, more evenly cooked rice.) Drain thoroughly using a fine-mesh sieve.
In a soup pot, dry-roast and stir the lentils continuously over medium heat until they are golden brown and have a nutty aroma, 2 to 3 minutes. (This step is optional but reduces the stickiness of the dal.) Thoroughly wash the lentils using a fine mesh colander. Return them to the pot, together with the rice, and add 3 1⁄2 cups of water. Bring to a boil. Skim the foam off the top. Add the turmeric powder, 2 tablespoons of the ghee, and the ginger to the boiling mixture.
While the rice and lentils are cooking, put 1⁄2 teaspoon of the ghee in a tempering pot or small pan over medium heat. Add the cashews, stirring them until they are fragrant and turn golden brown, a few minutes. Set the cashews aside to cool in a bowl lined with a paper towel. If using cumin seeds and peppercorns, roughly crush them in a mortar with a pestle. Set aside.
When the rice and lentil mixture is cooked, mix in the salt, coconut, and fried cashews, reserving some cashews for garnish.
Put the remaining 2 tablespoons of ghee in the tempering pot or small pan over medium heat. When melted, add the crushed black peppercorns and cumin seeds and the asafetida. Fry for a few seconds until fragrant. Turn off the heat.
Immediately pour the spiced ghee over the rice. To get all of the spiced ghee out of the pot, put a spoonful of the rice mixture into the pot, stir, and spoon it back into the rest of the dish. Taste for salt and adjust as needed. Garnish with the reserved cashews. Serve hot."," The image shows two bowls of food, both of which appear to be made from a mixture of rice and flour. The rice can be inferred as a simple grain-like ingredients, possibly being diced or crumbled.

The dish is likely a noodle dish, also known as a “noodle dish” or a “noodle bowl,” often made from rice and flour. This includes a variety of ingredients, such as rice noodles, flour, and a vegetable or protein protein in the form of rice. The noodles are typically white and creamy, suggesting either a simple or creamy base.

The dish is likely to be made from a rice-based noodle base, which includes either long strands of rice noodles, short noodles, or a mixture of rice noodles and flour. The noodles are either browned and crispy on top or they are cooked and have a smooth texture.

This dish is typically served in a bowl with a few toppings, like cheese, herbs, or vegetables. The ingredients are all golden brown and crispy, indicating that it has been cooked and baked.

The bowls are dark grey to have a rich, earthy flavor. They are placed on a white table, suggesting that the dish is being served at a formal event or"
jalapeno-pepper-jelly-bryant-terry,../data/food_images/jalapeno-pepper-jelly-bryant-terry.jpg,"Sterilize three ½-pint jars and their lids or similarly sized lidded storage containers.
In a food processor, combine the jalapeños and the bell pepper and process, scraping down the sides as needed, until the peppers are very finely chopped, 15 to 20 seconds. (They will let off quite a bit of liquid; this is okay.)
Transfer the contents of the food processor to a 4-quart stainless-steel or enameled Dutch oven. Add the sugar and vinegar and bring to a rolling boil over medium-high heat, stirring continuously. Boil, still stirring, for 3 minutes, then squeeze in the pectin. Return the mixture to a rolling boil, stirring continuously, and cook for 1 minute. Immediately remove from the heat and let rest until the foam has settled, about 1 minute. Skim off and discard any remaining foam.
Spoon the jelly into the sterilized jars and let cool for 1 hour. Seal the jars and refrigerate until chilled before using. The jelly will keep in the refrigerator for up to 3 months and up to 2 years if processed in a hot water bath and kept in a cool, dry place.", Bake.
win-son-bakerys-red-date-cake-jujubes,../data/food_images/win-son-bakerys-red-date-cake-jujubes.jpg,"A 9""-diameter springform pan
Preheat oven to 350°F. Butter pan; set aside. Bring dates, baking soda, and ¾ cup water to a boil in a small saucepan, stirring constantly. Reduce heat and simmer, stirring occasionally, until water is almost completely evaporated, about 3 minutes. Let cool.
Sift flour into a medium bowl; mix in baking powder and salt. Using an electric mixer on medium-high speed, beat granulated sugar, vanilla, and remaining 6 Tbsp. butter in a large bowl until light and fluffy, about 3 minutes. Add eggs one at a time, beating to blend after each addition; beat until mixture is very light and airy, about 3 minutes. Reduce mixer speed to low; add half of dry ingredients and beat just until incorporated. Mix in cooled date mixture, then add remaining dry ingredients and beat until just combined. Scrape batter into prepared pan and smooth surface to make an even layer.
Bake cake until a tester inserted into the center comes out clean, 25–30 minutes.
While the cake bakes, make the glaze. Slice each date in half lengthwise, then thinly slice each half into strips. Place in a small bowl and pour in ½ cup boiling water to cover; let soak.
Cook cream, butter, brown sugar, and salt in a small saucepan over low heat, stirring occasionally and breaking up sugar as needed, until butter is melted, about 5 minutes. Bring just to a simmer and cook, stirring, until glaze thickens slightly, about 5 minutes. Let cool until glaze thickens further but is still pourable, about 15 minutes.
Remove cake from springform pan and slide onto a platter or large plate. Arrange drained date strips along edge of cake so they look like spokes on a wheel. Carefully drizzle warm glaze over cake, so it drips over the edges. Let cool completely before serving."," To cook this danish, place it on a stove. When the cake comes to a crisp, mix it with a fork and serve with your choice of dipping sauce."
korean-stewed-sweet-black-beans-kong-jaban,../data/food_images/korean-stewed-sweet-black-beans-kong-jaban.jpg,"Soak the beans in enough water to cover them by 3 inches in a covered container in the refrigerator for 8 to 12 hours.
Drain the beans, put them in a pot, and add the dashi or water and soy sauce. Set over medium-high heat and bring the liquid to a simmer. Adjust the heat to maintain a gentle simmer and cook for 1 hour, stirring the beans on a regular basis. The level of liquid will reduce as the beans cook; once it gets to the point where it does not completely cover the beans, you will need to stir more often to ensure that the beans cook evenly. After an hour, the beans should be tender but still retain a little bite. If they are still hard, add more dashi or water and cook for 15 to 20 minutes longer, until the beans are tender with a little bite.
Add the sugar, sesame oil, and sesame seeds to the pot and mix well. (It’s important to wait to add the sugar until the beans are tender, as adding it in the beginning will cause the beans to harden when refrigerated.) Let the beans cool slightly, then transfer to an airtight container and refrigerate until chilled. (The beans will keep for up to 2 weeks in the refrigerator.)
Serve the beans cold with hot rice."," To cook this dish, use a non-stick pan or a grill. Place it on a cooking stove. Place a spatula under the pot to move the pot around. Place the ingredients on the pan."
agua-de-limon-con-chia-limeade-with-chia-seeds,../data/food_images/agua-de-limon-con-chia-limeade-with-chia-seeds.jpg,"Put the limes, water, and sugar in a blender and pulse 3 to 4 times, just enough to extract the juice from the limes but not crush the skins (which would make the drink too bitter). Strain through a fi ne-mesh sieve into a pitcher. Taste and add more sugar if you like.
Whisk in the chia seeds and refrigerate for at least 30 minutes, until completely chilled. Stir before serving, then serve over ice.", In the picture I can see a glass containing a drink and a straw.
lagrimas-de-la-virgen-beet-cooler-fany-gerson,../data/food_images/lagrimas-de-la-virgen-beet-cooler-fany-gerson.jpg,"Peel the beets. Cut them into chunks and pass them through a juicer.
Combine the water and sugar in a pitcher and stir until the sugar has dissolved. Add the beet juice.
Refrigerate until completely chilled. Add the apple, banana, orange, and lettuce, then stir in the lime juice (which will help prevent the fruit from browning). Serve chilled over ice, if desired.
Alternately, divide the mixed diced fruit among the glasses; place the beet water in a pitcher for guests to pour over."," The dish can be cooked in a slow cooker or in a microwave. It can be served with a salad, a side order, or a snack."
guava-grapefruit-and-rosemary-agua-fresca,../data/food_images/guava-grapefruit-and-rosemary-agua-fresca.jpg,"In a blender, combine all the ingredients, except the sugar, and blend well. Standard blender jars probably won’t fit all the ingredients so blend in batches. Strain through a fine-mesh sieve into a pitcher. Add sugar (or your preferred sweetener) to taste, adjusting for your own preference and based on how sweet the fruit is to begin with. Add enough ice to your liking. As an option, you can garnish with a piece of an ingredient in the agua. For example, a sprig of rosemary, a stick of cinnamon, or slices of lemon. Pour into ice-filled glasses."," This dish is a light pink cocktail with a subtle sweetness and slight spice. The flavor is complex and subtle, with hints of lemon and a hint of brown sugar. The syrup is a light, viscous liquid, and adds a smooth consistency to the cocktail. The lemon has a slight tartness, while the brown sugar adds a slight sweetness. The spices in the syrup are likely garlic, thyme, and rosemary."
aguas-frescas-general-formula,../data/food_images/aguas-frescas-general-formula.jpg,"Stir the sugar and water together in a large pitcher until the sugar dissolves. Measure out 1 cup. Puree the fruit and the 1 cup sugar water in a blender. Pour the mixture through a fine-mesh strainer back into the pitcher with the sugar water, mashing with a whisk or wooden spoon to eliminate any pulp.
Taste and add more sugar, if desired. Serve over ice, with a lemon or lime wedge, if desired.", You can cook this dish by boiling it in a saucecloth or by grilling it.
